settore,processo,sottoprocesso,fase,attività
PROCESSI DI GOVERNO,PIANIFICAZIONE STRATEGICA,DEFINIZIONE DEL BUSINESS MODEL,,
PROCESSI DI GOVERNO,PIANIFICAZIONE STRATEGICA,ANALISI DEI RISULTATI CONSEGUITI,,
PROCESSI DI GOVERNO,PIANIFICAZIONE STRATEGICA,ANALISI DELL'EVOLUZIONE STORICA ED ATTESA DEL CONTESTO DI RIFERIMENTO,,
PROCESSI DI GOVERNO,PIANIFICAZIONE STRATEGICA,ANALISI DEL QUADRO NORMATIVO DI RIFERIMENTO,,
PROCESSI DI GOVERNO,PIANIFICAZIONE STRATEGICA,IDENTIFICAZIONE DEGLI INDIRIZZI E DEGLI OBIETTIVI STRATEGICI,DEFINIZIONE DELLE POLITICHE DI MARKETING,
PROCESSI DI GOVERNO,PIANIFICAZIONE STRATEGICA,IDENTIFICAZIONE DEGLI INDIRIZZI E DEGLI OBIETTIVI STRATEGICI,DEFINIZIONE DEGLI INVESTIMENTI INFRASTRUTTURALI,
PROCESSI DI GOVERNO,PIANIFICAZIONE STRATEGICA,IDENTIFICAZIONE DEGLI INDIRIZZI E DEGLI OBIETTIVI STRATEGICI,DEFINIZIONE DELLE VARIAZIONI DELLA STRUTTURA ORGANIZZATIVA,
PROCESSI DI GOVERNO,PIANIFICAZIONE STRATEGICA,DEFINIZIONE DELLE PREVISIONI ECONOMICHE,PATRIMONIALI E FINANZIARIE,
PROCESSI DI GOVERNO,PIANIFICAZIONE STRATEGICA,VALUTAZIONE DEL RISCHIO DI ATTUAZIONE DEL PIANO STRATEGICO,,
PROCESSI DI GOVERNO,PIANIFICAZIONE STRATEGICA,STIMA DELL'EFFETTIVO FABBISOGNO DI CAPITALE,,
PROCESSI DI GOVERNO,PIANIFICAZIONE STRATEGICA,DEFINIZIONE DELLE PROGETTUALITA ATTUATIVE DEDICATE,,
PROCESSI DI GOVERNO,APPROVAZIONE DI NUOVI PRODOTTI E SERVIZI,AVVIO DI NUOVE ATTIVITA,INSERIMENTO IN NUOVI MERCATI,DEFINIZIONE DELLA BUSINESS IDEA
PROCESSI DI GOVERNO,APPROVAZIONE DI NUOVI PRODOTTI E SERVIZI,AVVIO DI NUOVE ATTIVITA,INSERIMENTO IN NUOVI MERCATI,PRESENTAZIONE PRELIMINARE DELLA BUSINESS IDEA
PROCESSI DI GOVERNO,APPROVAZIONE DI NUOVI PRODOTTI E SERVIZI,AVVIO DI NUOVE ATTIVITA,INSERIMENTO IN NUOVI MERCATI,CONVOCAZIONE DEL GRUPPO DI LAVORO
PROCESSI DI GOVERNO,APPROVAZIONE DI NUOVI PRODOTTI E SERVIZI,AVVIO DI NUOVE ATTIVITA,INSERIMENTO IN NUOVI MERCATI,PRESENTAZIONE DELLA BUSINESS IDEA AL GRUPPO DI LAVORO E VALUTAZIONE DEL GRADO DI INNOVAZIONE DELLA PROSPETTATA OPERATIVITA'
PROCESSI DI GOVERNO,APPROVAZIONE DI NUOVI PRODOTTI E SERVIZI,AVVIO DI NUOVE ATTIVITA,INSERIMENTO IN NUOVI MERCATI,ANALISI DELLA COERENZA TRA LA BUSINESS IDEA E LE STRATEGIE ADOTTATE
PROCESSI DI GOVERNO,APPROVAZIONE DI NUOVI PRODOTTI E SERVIZI,AVVIO DI NUOVE ATTIVITA,INSERIMENTO IN NUOVI MERCATI,DEFINIZIONE DELLE AZIONI DI MARKETING
PROCESSI DI GOVERNO,APPROVAZIONE DI NUOVI PRODOTTI E SERVIZI,AVVIO DI NUOVE ATTIVITA,INSERIMENTO IN NUOVI MERCATI,VALUTAZIONE DEGLI IMPATTI DERIVANTI DALLA NUOVA OPERATIVITA E DEFINIZIONE DELLE RELATIVE SCELTE ORGANIZZATIVE DA ADOTTARE
PROCESSI DI GOVERNO,APPROVAZIONE DI NUOVI PRODOTTI E SERVIZI,AVVIO DI NUOVE ATTIVITA,INSERIMENTO IN NUOVI MERCATI,IDENTIFICAZIONE E VALUTAZIONE DEI RISCHI
PROCESSI DI GOVERNO,APPROVAZIONE DI NUOVI PRODOTTI E SERVIZI,AVVIO DI NUOVE ATTIVITA,INSERIMENTO IN NUOVI MERCATI,REDAZIONE DELLA RELAZIONE DI SINTESI E PIANIFICAZIONE DELLA PROGETTAZIONE REALIZZATIVA
PROCESSI DI GOVERNO,GOVERNO - GESTIONE DEL RISCHIO E VALUTAZIONE DELL'ADEGUATEZZA DEL CAPITALE,IDENTIFICAZIONE DEI RISCHI RILEVANTI,,
PROCESSI DI GOVERNO,GOVERNO - GESTIONE DEL RISCHIO E VALUTAZIONE DELL'ADEGUATEZZA DEL CAPITALE,MISURAZIONE/VALUTAZIONE DEI RISCHI RILEVANTI,MISURAZIONE DEI CAPITALI INTERNI ATTUALI,
PROCESSI DI GOVERNO,GOVERNO - GESTIONE DEL RISCHIO E VALUTAZIONE DELL'ADEGUATEZZA DEL CAPITALE,MISURAZIONE/VALUTAZIONE DEI RISCHI RILEVANTI,ANALISI DEGLI OBIETTIVI DI ESPOSIZIONE AL RISCHIO,
PROCESSI DI GOVERNO,GOVERNO - GESTIONE DEL RISCHIO E VALUTAZIONE DELL'ADEGUATEZZA DEL CAPITALE,MISURAZIONE/VALUTAZIONE DEI RISCHI RILEVANTI,STIMA DEI VALORI DI PERDITA POTENZIALE,
PROCESSI DI GOVERNO,GOVERNO - GESTIONE DEL RISCHIO E VALUTAZIONE DELL'ADEGUATEZZA DEL CAPITALE,MISURAZIONE/VALUTAZIONE DEI RISCHI RILEVANTI,VALUTAZIONE DELLA DOTAZIONE DI CAPITALE,
PROCESSI DI GOVERNO,GOVERNO - GESTIONE DEL RISCHIO E VALUTAZIONE DELL'ADEGUATEZZA DEL CAPITALE,MISURAZIONE/VALUTAZIONE DEI RISCHI RILEVANTI,STRESS TESTING,
PROCESSI DI GOVERNO,GOVERNO - GESTIONE DEL RISCHIO E VALUTAZIONE DELL'ADEGUATEZZA DEL CAPITALE,MISURAZIONE/VALUTAZIONE DEI RISCHI RILEVANTI,DETERMINAZIONE DEL CAPITALE INTERNO ATTESO OTTIMALE E RELATIVO CONFRONTO CON LA DOTAZIONE PROSPETTICA DI CAPITALE,
PROCESSI DI GOVERNO,GOVERNO - GESTIONE DEL RISCHIO E VALUTAZIONE DELL'ADEGUATEZZA DEL CAPITALE,MISURAZIONE/VALUTAZIONE DEI RISCHI RILEVANTI,CONFERMA DEGLI OBIETTIVI DI RISCHIO E DETERMINAZIONE DEI LIMITI OPERATIVI
PROCESSI DI GOVERNO,GOVERNO - GESTIONE DEL RISCHIO E VALUTAZIONE DELL'ADEGUATEZZA DEL CAPITALE,MONITORAGGIO DEL RISCHIO,CONTROLLO DEL RISPETTO DEI LIMITI OPERATIVI
PROCESSI DI GOVERNO,GOVERNO - GESTIONE DEL RISCHIO E VALUTAZIONE DELL'ADEGUATEZZA DEL CAPITALE,MITIGAZIONE DEL RISCHIO,DEFINIZIONE DELLE AZIONI DI MITIGAZIONE DEL RISCHIO
PROCESSI DI GOVERNO,GOVERNO - GESTIONE DEL RISCHIO E VALUTAZIONE DELL'ADEGUATEZZA DEL CAPITALE,MITIGAZIONE DEL RISCHIO,ATTIVAZIONE AZIONI DI MITIGAZIONE IN CASO DI SUPERAMENTO DEI LIMITI OPERATIVI
PROCESSI DI GOVERNO,GOVERNO - GESTIONE DEL RISCHIO E VALUTAZIONE DELL'ADEGUATEZZA DEL CAPITALE,REPORTING,,
PROCESSI DI GOVERNO,GOVERNO - GESTIONE DEL RISCHIO E VALUTAZIONE DELL'ADEGUATEZZA DEL CAPITALE,INTEGRAZIONE DEI RISCHI,
PROCESSI DI GOVERNO,GOVERNO - GESTIONE DEL RISCHIO E VALUTAZIONE DELL'ADEGUATEZZA DEL CAPITALE,RICONCILIAZIONE,CONFRONTO TRA FONDI PROPRI E CAPITALE INTERNO COMPLESSIVO
PROCESSI DI GOVERNO,GOVERNO - GESTIONE DEL RISCHIO E VALUTAZIONE DELL'ADEGUATEZZA DEL CAPITALE,RICONCILIAZIONE,DEFINIZIONE DEL CAPITALE COMPLESSIVO
PROCESSI DI GOVERNO,GOVERNO - GESTIONE DEL RISCHIO E VALUTAZIONE DELL'ADEGUATEZZA DEL CAPITALE,RICONCILIAZIONE,DEFINIZIONE DEL CAPITALE
PROCESSI DI GOVERNO,GOVERNO - GESTIONE DEL RISCHIO E VALUTAZIONE DELL'ADEGUATEZZA DEL CAPITALE,AUTOVALUTAZIONE,,
PROCESSI DI GOVERNO,GOVERNO - GESTIONE DEL RISCHIO E VALUTAZIONE DELL'ADEGUATEZZA DEL CAPITALE,STESURA RESOCONTO ICAAP,
PROCESSI DI GOVERNO,SVILUPPO E CONVALIDA DEL SISTEMA DI INTERNAL RATING (CREDITO),SVILUPPO DEL SISTEMA DI INTERNAL RATING,DEFINIZIONE DELL'ARCHITETTURA DEL MODELLO DI INTERNAL RATING
PROCESSI DI GOVERNO,SVILUPPO E CONVALIDA DEL SISTEMA DI INTERNAL RATING (CREDITO),SVILUPPO DEL SISTEMA DI INTERNAL RATING,IDENTIFICAZIONE DELLE FONTI ALIMENTANTI E COSTRUZIONE DELLA BASE DATI
PROCESSI DI GOVERNO,SVILUPPO E CONVALIDA DEL SISTEMA DI INTERNAL RATING (CREDITO),SVILUPPO DEL SISTEMA DI INTERNAL RATING,DEFINIZIONE DEL TRAINING SET
PROCESSI DI GOVERNO,SVILUPPO E CONVALIDA DEL SISTEMA DI INTERNAL RATING (CREDITO),SVILUPPO DEL SISTEMA DI INTERNAL RATING,COSTRUZIONE DEL BASELINE RATING
PROCESSI DI GOVERNO,SVILUPPO E CONVALIDA DEL SISTEMA DI INTERNAL RATING (CREDITO),SVILUPPO DEL SISTEMA DI INTERNAL RATING,DEFINIZIONE DEL QUESTIONARIO QUALITATIVO
PROCESSI DI GOVERNO,SVILUPPO E CONVALIDA DEL SISTEMA DI INTERNAL RATING (CREDITO),SVILUPPO DEL SISTEMA DI INTERNAL RATING,INTEGRAZIONE DEL QUESTIONARIO QUALITATIVO CON IL BASELINE RATING
PROCESSI DI GOVERNO,SVILUPPO E CONVALIDA DEL SISTEMA DI INTERNAL RATING (CREDITO),SVILUPPO DEL SISTEMA DI INTERNAL RATING,DEFINIZIONE DELLA MASTER SCALE DEL RATING E QUANTIFICAZIONE DELLA PD
PROCESSI DI GOVERNO,SVILUPPO E CONVALIDA DEL SISTEMA DI INTERNAL RATING (CREDITO),SVILUPPO DEL SISTEMA DI INTERNAL RATING,DEFINIZIONE DELLE LOGICHE DI OVERIDING
PROCESSI DI GOVERNO,SVILUPPO E CONVALIDA DEL SISTEMA DI INTERNAL RATING (CREDITO),CONVALIDA DEL SISTEMA DI INTERNAL RATING,DEFINIZIONE DEL VALIDATION SET
PROCESSI DI GOVERNO,SVILUPPO E CONVALIDA DEL SISTEMA DI INTERNAL RATING (CREDITO),CONVALIDA DEL SISTEMA DI INTERNAL RATING,IDENTIFICAZIONE ED ESECUZIONE DEI TEST DI VALIDAZIONE QUALITATIVA
PROCESSI DI GOVERNO,SVILUPPO E CONVALIDA DEL SISTEMA DI INTERNAL RATING (CREDITO),CONVALIDA DEL SISTEMA DI INTERNAL RATING,IDENTIFICAZIONE ED ESECUZIONE DEI TEST DI VALIDAZIONE QUANTITATIVA (BACKTESTING)
PROCESSI DI GOVERNO,SVILUPPO E CONVALIDA DEL SISTEMA DI INTERNAL RATING (CREDITO),CONVALIDA DEL SISTEMA DI INTERNAL RATING,ESECUZIONE DEI TEST DI UTILIZZO INTERNO
PROCESSI DI GOVERNO,VERIFICA DEL CORRETTO MONITORAGGIO DEL CREDITO,DEFINIZIONE DELLA METODOLOGIA DI VERIFICA,,
PROCESSI DI GOVERNO,VERIFICA DEL CORRETTO MONITORAGGIO DEL CREDITO,ESECUZIONE DELLA VERIFICA,,
PROCESSI DI GOVERNO,VERIFICA DEL CORRETTO MONITORAGGIO DEL CREDITO,CONDIVISIONE DEI RISULTATI DELLA VERIFICA CON L'UNITA ORGANIZZATIVA CHE EFFETTUA IL MONITORAGGIO DEL CREDITO,,
PROCESSI DI GOVERNO,VERIFICA DEL CORRETTO MONITORAGGIO DEL CREDITO,FOLLOW UP,,
PROCESSI DI GOVERNO,CONTROLLO DI GESTIONE,DEFINIZIONE MODELLO DI CONTROLLO DI GESTIONE,DEFINIZIONE DELLE GRANDEZZE DA MONITORARE
PROCESSI DI GOVERNO,CONTROLLO DI GESTIONE,DEFINIZIONE MODELLO DI CONTROLLO DI GESTIONE,DEFINIZIONE MODALITA' DI COMUNICAZIONE VERSO LA STRUTTURA INTERNA
PROCESSI DI GOVERNO,CONTROLLO DI GESTIONE,DEFINIZIONE MODELLO DI CONTROLLO DI GESTIONE,DEFINIZIONE REPORTISTICA, CRUSCOTTI E INDICATORI  
PROCESSI DI GOVERNO,CONTROLLO DI GESTIONE,DEFINIZIONE MODELLO DI CONTROLLO DI GESTIONE,ELABORAZIONE DEL MODELLO DI CONTROLLO
PROCESSI DI GOVERNO,CONTROLLO DI GESTIONE,MONITORAGGIO RAGGIUNGIMENTO OBIETTIVI,RACCOLTA E CONSOLIDAMENTO DATI
PROCESSI DI GOVERNO,CONTROLLO DI GESTIONE,MONITORAGGIO RAGGIUNGIMENTO OBIETTIVI,PRODUZIONE REPORTISTICA DI CONTROLLO DI GESTIONE
PROCESSI DI GOVERNO,CONTROLLO DI GESTIONE,MONITORAGGIO RAGGIUNGIMENTO OBIETTIVI,ALIMENTAZIONE CRUSCOTTI DIREZIONALI
PROCESSI DI GOVERNO,CONTROLLO DI GESTIONE,MONITORAGGIO RAGGIUNGIMENTO OBIETTIVI,MONITORAGGIO INDICATORI
PROCESSI DI GOVERNO,CONTROLLO DI GESTIONE,MONITORAGGIO RAGGIUNGIMENTO OBIETTIVI,ANALISI SCOSTAMENTI
PROCESSI DI GOVERNO,CONTROLLO DI GESTIONE,MONITORAGGIO RAGGIUNGIMENTO OBIETTIVI,IDENTIFICAZIONE AZIONI CORRETTIVE
PROCESSI DI GOVERNO,GESTIONE DEI CONTROLLI DI TERZO LIVELLO,IDENTIFICAZIONE DEI PROCESSI DA SOTTOPORRE A REVISIONE E REDAZIONE DELL'AUDIT PLAN,
PROCESSI DI GOVERNO,GESTIONE DEI CONTROLLI DI TERZO LIVELLO,DEFINIZIONE DELLA METODOLOGIA DI VALUTAZIONE DI COMPLETEZZA ED ADEGUATEZZA DEI PROCESSI AZIENDALI,
PROCESSI DI GOVERNO,GESTIONE DEI CONTROLLI DI TERZO LIVELLO,DEFINIZIONE DELLA METODOLOGIA ATTRAVERSO CUI SONO CONDOTTE LE VERIFICHE DI FUNZIONALITA ED AFFIDABILITA DEI PROCESSI AZIENDALI,
PROCESSI DI GOVERNO,GESTIONE DEI CONTROLLI DI TERZO LIVELLO,VALUTAZIONE DELLA COMPLETEZZA E DELL'ADEGUATEZZA DEI PROCESSI AZIENDALI,IDENTIFICAZIONE DEI PROCESSI DA SOTTOPORRE A VALUTAZIONE DI COMPLETEZZA ED ADEGUATEZZA
PROCESSI DI GOVERNO,GESTIONE DEI CONTROLLI DI TERZO LIVELLO,VALUTAZIONE DELLA COMPLETEZZA E DELL'ADEGUATEZZA DEI PROCESSI AZIENDALI,PIANIFICAZIONE DELLE ATTIVITA
PROCESSI DI GOVERNO,GESTIONE DEI CONTROLLI DI TERZO LIVELLO,VALUTAZIONE DELLA COMPLETEZZA E DELL'ADEGUATEZZA DEI PROCESSI AZIENDALI,VALUTAZIONE DI COMPLETEZZA ED ADEGUATEZZA DEI PROCESSI IDENTIFICATI
PROCESSI DI GOVERNO,GESTIONE DEI CONTROLLI DI TERZO LIVELLO,VALUTAZIONE DELLA COMPLETEZZA E DELL'ADEGUATEZZA DEI PROCESSI AZIENDALI,REDAZIONE DELLA RELAZIONE DI SINTESI SUGLI ESITI DELLA VALUTAZIONE E CONDIVISIONE CON LE UNITà ORGANIZZATIVE INTERESSATE (PROCESS OWNER)
PROCESSI DI GOVERNO,GESTIONE DEI CONTROLLI DI TERZO LIVELLO,VALUTAZIONE DELLA COMPLETEZZA E DELL'ADEGUATEZZA DEI PROCESSI AZIENDALI,FOLLOW UP PERIODICO 
PROCESSI DI GOVERNO,GESTIONE DEI CONTROLLI DI TERZO LIVELLO,VERIFICA DELLA FUNZIONALITA E DELL'AFFIDABILITA DEI PROCESSI AZIENDALI,IDENTIFICAZIONE DEI PROCESSI DA SOTTOPORRE A VERIFICA DI FUNZIONAMENTO ED AFFIDABILITA
PROCESSI DI GOVERNO,GESTIONE DEI CONTROLLI DI TERZO LIVELLO,VERIFICA DELLA FUNZIONALITA E DELL'AFFIDABILITA DEI PROCESSI AZIENDALI,PIANIFICAZIONE DELLE ATTIVITA
PROCESSI DI GOVERNO,GESTIONE DEI CONTROLLI DI TERZO LIVELLO,VERIFICA DELLA FUNZIONALITA E DELL'AFFIDABILITA DEI PROCESSI AZIENDALI,VALUTAZIONE DI COMPLETEZZA ED ADEGUATEZZA DEI PROCESSI IDENTIFICATI
PROCESSI DI GOVERNO,GESTIONE DEI CONTROLLI DI TERZO LIVELLO,VERIFICA DELLA FUNZIONALITA E DELL'AFFIDABILITA DEI PROCESSI AZIENDALI,REDAZIONE DELLA RELAZIONE DI SINTESI SUGLI ESITI DELLA VALUTAZIONE E CONDIVISIONE CON LE UNITà ORGANIZZATIVE INTERESSATE (PROCESS OWNER)
PROCESSI DI GOVERNO,GESTIONE DEI CONTROLLI DI TERZO LIVELLO,VERIFICA DELLA FUNZIONALITA E DELL'AFFIDABILITA DEI PROCESSI AZIENDALI,FOLLOW UP PERIODICO 
PROCESSI DI GOVERNO,GESTIONE DEI CONTROLLI DI TERZO LIVELLO,REPORTISTICA SUI CONTROLLI INTERNI ALL'ALTA DIREZIONE,
PROCESSI DI GOVERNO,RELAZIONI ESTERNE,PREDISPOSIZIONE BILANCIO SOCIALE,
PROCESSI DI GOVERNO,RELAZIONI ESTERNE,GESTIONE DELL'IMMAGINE AZIENDALE,
PROCESSI DI GOVERNO,RELAZIONI ESTERNE,ATTIVITA' DI PROMOZIONE ISTITUZIONALE,
PROCESSI DI GOVERNO,GESTIONE INTERNA E COMUNICAZIONE ALL'ESTERNO DI INFORMAZIONI OBBLIGATORIE E/O PRICE SENSITIVE,IDENTIFICAZIONE DELLE INFORMAZIONI RISERVATE E CLASSIFICAZIONE DELLE STESSE COME PRICE SENSITIVE,
PROCESSI DI GOVERNO,GESTIONE INTERNA E COMUNICAZIONE ALL'ESTERNO DI INFORMAZIONI OBBLIGATORIE E/O PRICE SENSITIVE,COMUNICAZIONE DI INFORMAZIONI AL PUBBLICO,COMUNICAZIONE DI INFORMAZIONI OBBLIGATORIE
PROCESSI DI GOVERNO,GESTIONE INTERNA E COMUNICAZIONE ALL'ESTERNO DI INFORMAZIONI OBBLIGATORIE E/O PRICE SENSITIVE,COMUNICAZIONE DI INFORMAZIONI AL PUBBLICO,COMUNICAZIONE DI INFORMAZIONI PRICE SENSITIVE
PROCESSI DI GOVERNO,GESTIONE INTERNA E COMUNICAZIONE ALL'ESTERNO DI INFORMAZIONI OBBLIGATORIE E/O PRICE SENSITIVE,COMUNICAZIONE DI INFORMAZIONI AL PUBBLICO,INCONTRI CON LA COMUNITA FINANZIARIA
PROCESSI DI GOVERNO,GESTIONE INTERNA E COMUNICAZIONE ALL'ESTERNO DI INFORMAZIONI OBBLIGATORIE E/O PRICE SENSITIVE,GESTIONE ACCESSO ALLE INFORMAZIONI PRIVILEGIATE,TRATTAMENTO E CIRCOLAZIONE DELLE INFORMAZIONI RISERVATE
PROCESSI DI GOVERNO,GESTIONE INTERNA E COMUNICAZIONE ALL'ESTERNO DI INFORMAZIONI OBBLIGATORIE E/O PRICE SENSITIVE,GESTIONE ACCESSO ALLE INFORMAZIONI PRIVILEGIATE,GESTIONE DEL MANCATO RISPETTO DELL'OBBLIGO DI RISERVATEZZA
PROCESSI DI GOVERNO,GESTIONE INTERNA E COMUNICAZIONE ALL'ESTERNO DI INFORMAZIONI OBBLIGATORIE E/O PRICE SENSITIVE,GESTIONE ACCESSO ALLE INFORMAZIONI PRIVILEGIATE,GESTIONE DEI RUMORS
PROCESSI DI GOVERNO,COMUNICAZIONE INTERNA,DEFINIZIONE DELLE NECESSITA' INFORMATIVE DELLA STRUTTURA INTERNA,
PROCESSI DI GOVERNO,COMUNICAZIONE INTERNA,GESTIONE STRUMENTI DI COMUNICAZIONE VERSO LA STRUTTURA INTERNA,
PROCESSI DI GOVERNO,GESTIONE DEL RISCHIO DI NON CONFORMITA ALLE NORME,IDENTIFICAZIONE DELLA NORMATIVA APPLICABILE,
PROCESSI DI GOVERNO,GESTIONE DEL RISCHIO DI NON CONFORMITA ALLE NORME,ASSESSMENT,VALUTAZIONE DEL RISCHIO INERENTE
PROCESSI DI GOVERNO,GESTIONE DEL RISCHIO DI NON CONFORMITA ALLE NORME,ASSESSMENT,INDIVIDUAZIONE DEI REQUISITI NORMATIVI, DEI PRESIDI E DEI CONTROLLI
PROCESSI DI GOVERNO,GESTIONE DEL RISCHIO DI NON CONFORMITA ALLE NORME,ASSESSMENT,VALUTAZIONE DI ADEGUATEZZA
PROCESSI DI GOVERNO,GESTIONE DEL RISCHIO DI NON CONFORMITA ALLE NORME,MITIGAZIONE ED ACTION PLAN,
PROCESSI DI GOVERNO,GESTIONE DEL RISCHIO DI NON CONFORMITA ALLE NORME,MONITORAGGIO E TESTING,MONITORAGGIO DELLE AZIONI CORRETTIVE PIANIFICATE
PROCESSI DI GOVERNO,GESTIONE DEL RISCHIO DI NON CONFORMITA ALLE NORME,MONITORAGGIO E TESTING,VERIFICA DI EFFICACIA DEI PRESIDI IMPLEMENTATI
PROCESSI DI GOVERNO,GESTIONE DEL RISCHIO DI NON CONFORMITA ALLE NORME,MONITORAGGIO E TESTING,MONITORAGGIO CONTINUATIVO SUI PRESIDI
PROCESSI DI GOVERNO,GESTIONE DEL RISCHIO DI NON CONFORMITA ALLE NORME,CONSULENZA,
PROCESSI DI GOVERNO,GESTIONE DEL RISCHIO DI NON CONFORMITA ALLE NORME,REPORTING,
PROCESSI DI GOVERNO,GESTIONE DEL RISCHIO DI NON CONFORMITA ALLE NORME FISCALI,IDENTIFICAZIONE,FUNZIONE COMPLIANCE
PROCESSI DI GOVERNO,GESTIONE DEL RISCHIO DI NON CONFORMITA ALLE NORME FISCALI,VALUTAZIONE,FUNZIONE FISCALE
PROCESSI DI GOVERNO,GESTIONE DEL RISCHIO DI NON CONFORMITA ALLE NORME FISCALI,MONITORAGGIO,FUNZIONE COMPLIANCE
PROCESSI DI GOVERNO,GESTIONE DEL RISCHIO DI NON CONFORMITA ALLE NORME FISCALI,ATTENUAZIONE ,FUNZIONE FISCALE
PROCESSI DI GOVERNO,GESTIONE DEL RISCHIO DI NON CONFORMITA ALLE NORME FISCALI,REPORTING,FUNZIONE COMPLIANCE / FUNZIONE FISCALE 
PROCESSI DI GOVERNO,GESTIONE DEL RISCHIO DI RICICLAGGIO E DI FINANZIAMENTO DEL TERRORISMO,IDENTIFICAZIONE DELLA NORMATIVA APPLICABILE,
PROCESSI DI GOVERNO,GESTIONE DEL RISCHIO DI RICICLAGGIO E DI FINANZIAMENTO DEL TERRORISMO,ASSESSMENT,VALUTAZIONE DEL RISCHIO INERENTE
PROCESSI DI GOVERNO,GESTIONE DEL RISCHIO DI RICICLAGGIO E DI FINANZIAMENTO DEL TERRORISMO,ASSESSMENT,INDIVIDUAZIONE DEI REQUISITI NORMATIVI, DEI PRESIDI E DEI CONTROLLI
PROCESSI DI GOVERNO,GESTIONE DEL RISCHIO DI RICICLAGGIO E DI FINANZIAMENTO DEL TERRORISMO,ASSESSMENT,VALUTAZIONE DI ADEGUATEZZA
PROCESSI DI GOVERNO,GESTIONE DEL RISCHIO DI RICICLAGGIO E DI FINANZIAMENTO DEL TERRORISMO,MITIGAZIONE ED ACTION PLAN,
PROCESSI DI GOVERNO,GESTIONE DEL RISCHIO DI RICICLAGGIO E DI FINANZIAMENTO DEL TERRORISMO,MONITORAGGIO E TESTING,MONITORAGGIO DELLE AZIONI CORRETTIVE PIANIFICATE
PROCESSI DI GOVERNO,GESTIONE DEL RISCHIO DI RICICLAGGIO E DI FINANZIAMENTO DEL TERRORISMO,MONITORAGGIO E TESTING,VERIFICA DI EFFICACIA DEI PRESIDI IMPLEMENTATI
PROCESSI DI GOVERNO,GESTIONE DEL RISCHIO DI RICICLAGGIO E DI FINANZIAMENTO DEL TERRORISMO,MONITORAGGIO E TESTING,MONITORAGGIO CONTINUATIVO SUI PRESIDI
PROCESSI DI GOVERNO,GESTIONE DEL RISCHIO DI RICICLAGGIO E DI FINANZIAMENTO DEL TERRORISMO,MONITORAGGIO DELLE OPERAZIONI,VALUTAZIONE OPERAZIONI FINANZIARIE
PROCESSI DI GOVERNO,GESTIONE DEL RISCHIO DI RICICLAGGIO E DI FINANZIAMENTO DEL TERRORISMO,MONITORAGGIO DELLE OPERAZIONI,SEGNALAZIONE OPERAZIONI SOSPETTE
PROCESSI DI GOVERNO,GESTIONE DEL RISCHIO DI RICICLAGGIO E DI FINANZIAMENTO DEL TERRORISMO,CONSULENZA,
PROCESSI DI GOVERNO,GESTIONE DEL RISCHIO DI RICICLAGGIO E DI FINANZIAMENTO DEL TERRORISMO,REPORTING,
PROCESSI DI GOVERNO,GESTIONE DEL RISCHIO DI ERRATA INFORMATIVA FINANZIARIA,IDENTIFICAZIONE DELLA NORMATIVA APPLICABILE,
PROCESSI DI GOVERNO,GESTIONE DEL RISCHIO DI ERRATA INFORMATIVA FINANZIARIA,IDENTIFICAZIONE E VALUTAZIONE DEI RISCHI,
PROCESSI DI GOVERNO,GESTIONE DEL RISCHIO DI ERRATA INFORMATIVA FINANZIARIA,MITIGAZIONE ED ACTION PLAN,DEFINIZIONE DELLE PROCEDURE AMMINISTRATIVE E CONTABILI E RELATIVA FORMALIZZAZIONE
PROCESSI DI GOVERNO,GESTIONE DEL RISCHIO DI ERRATA INFORMATIVA FINANZIARIA,MITIGAZIONE ED ACTION PLAN,DEFINIZIONE DELLE PROCEDURE RELATIVE ALLA COMUNICAZIONE FINANZIARIA E RELATIVA FORMALIZZAZIONE
PROCESSI DI GOVERNO,GESTIONE DEL RISCHIO DI ERRATA INFORMATIVA FINANZIARIA,MONITORAGGIO E TESTING,VERIFICA DI EFFICACIA DEI PRESIDI IMPLEMENTATI
PROCESSI DI GOVERNO,GESTIONE DEL RISCHIO DI ERRATA INFORMATIVA FINANZIARIA,MONITORAGGIO E TESTING,MONITORAGGIO CONTINUATIVO SUI PRESIDI
PROCESSI DI GOVERNO,GESTIONE DEL RISCHIO DI ERRATA INFORMATIVA FINANZIARIA,CONSULENZA,
PROCESSI DI GOVERNO,GESTIONE DEL RISCHIO DI ERRATA INFORMATIVA FINANZIARIA,REPORTING,
PROCESSI DI GOVERNO,VALUTAZIONE DELLE ATTIVITA' AZIENDALI,IDENTIFICAZIONE DELLE ATTIVITA' COMPLESSE,
PROCESSI DI GOVERNO,VALUTAZIONE DELLE ATTIVITA' AZIENDALI,VALUTAZIONE DELLE ATTIVITA' COMPLESSE,DEFINIZIONE DELLA METODOLOGIA DI VALUTAZIONE DELLE ATTIVITA COMPLESSE
PROCESSI DI GOVERNO,VALUTAZIONE DELLE ATTIVITA' AZIENDALI,,DETERMINAZIONE DEL VALORE DELLE ATTIVITA COMPLESSE
PROCESSI DI GOVERNO,VALUTAZIONE DELLE ATTIVITA' AZIENDALI,MONITORAGGIO,
PROCESSI DI GOVERNO,VALUTAZIONE DELLE ATTIVITA' AZIENDALI,ATTENUAZIONE ,
PROCESSI DI GOVERNO,VALUTAZIONE DELLE ATTIVITA' AZIENDALI,REPORTING,
PROCESSI DI GOVERNO,GESTIONE DEI REATI SOCIETARI (EX d.lgs 231/01),IDENTIFICAZIONE DELLA NORMATIVA APPLICABILE,
PROCESSI DI GOVERNO,GESTIONE DEI REATI SOCIETARI (EX d.lgs 231/01),ASSESSMENT,ANALISI DEI REATI ED IDENTIFICAZIONE DELLE ATTIVITA DI RISCHIO
PROCESSI DI GOVERNO,GESTIONE DEI REATI SOCIETARI (EX d.lgs 231/01),ASSESSMENT,INDIVIDUAZIONE DEI REQUISITI NORMATIVI, DEI PRESIDI E DEI CONTROLLI
PROCESSI DI GOVERNO,GESTIONE DEI REATI SOCIETARI (EX d.lgs 231/01),ASSESSMENT,VALUTAZIONE DI ADEGUATEZZA
PROCESSI DI GOVERNO,GESTIONE DEI REATI SOCIETARI (EX d.lgs 231/01),MITIGAZIONE ED ACTION PLAN,
PROCESSI DI GOVERNO,GESTIONE DEI REATI SOCIETARI (EX d.lgs 231/01),MONITORAGGIO E TESTING,MONITORAGGIO DELLE AZIONI CORRETTIVE PIANIFICATE
PROCESSI DI GOVERNO,GESTIONE DEI REATI SOCIETARI (EX d.lgs 231/01),MONITORAGGIO E TESTING,VERIFICA DI EFFICACIA DEI PRESIDI IMPLEMENTATI
PROCESSI DI GOVERNO,GESTIONE DEI REATI SOCIETARI (EX d.lgs 231/01),MONITORAGGIO E TESTING,MONITORAGGIO CONTINUATIVO SUI PRESIDI
PROCESSI DI GOVERNO,GESTIONE DEI REATI SOCIETARI (EX d.lgs 231/01),CONSULENZA,
PROCESSI DI GOVERNO,GESTIONE DEI REATI SOCIETARI (EX d.lgs 231/01),REPORTING,
PROCESSI DI GOVERNO,GESTIONE DELLA SEGNALAZIONE DI VIOLAZIONI,DEFINIZIONE DEL SISTEMA DI GESTIONE DELLA SEGNALAZIONE DELLE VIOLAZIONI,IDENTICAZIONE DEGLI ATTI O FATTI OGGETTO DI SEGNALAZIONE
PROCESSI DI GOVERNO,GESTIONE DELLA SEGNALAZIONE DI VIOLAZIONI,DEFINIZIONE DEL SISTEMA DI GESTIONE DELLA SEGNALAZIONE DELLE VIOLAZIONI,DEFINIZIONE DELLE MODALITA DI SEGNALAZIONE
PROCESSI DI GOVERNO,GESTIONE DELLA SEGNALAZIONE DI VIOLAZIONI,DEFINIZIONE DEL SISTEMA DI GESTIONE DELLA SEGNALAZIONE DELLE VIOLAZIONI,IDENTIFICAZIONE DEI SOGGETTI PREPOSTI ALLA RICEZIONE DELLA SEGNALAZIONE
PROCESSI DI GOVERNO,GESTIONE DELLA SEGNALAZIONE DI VIOLAZIONI,DEFINIZIONE DEL SISTEMA DI GESTIONE DELLA SEGNALAZIONE DELLE VIOLAZIONI,DEFINIZIONE DEL PROCEDIMENTO CHE SI INSTAURA A SEGUITO DELLA SEGNALAZIONE
PROCESSI DI GOVERNO,GESTIONE DELLA SEGNALAZIONE DI VIOLAZIONI,DEFINIZIONE DEL SISTEMA DI GESTIONE DELLA SEGNALAZIONE DELLE VIOLAZIONI,DEFINIZIONE DELLE MODALITA DI INFORMAZIONE DEL SOGGETTO SEGNALANTE E DEL SOGGETTO SEGNALATO SUGLI SVILUPPI DEL PROCEDIMENTO
PROCESSI DI GOVERNO,GESTIONE DELLA SEGNALAZIONE DI VIOLAZIONI,RICEZIONE DELLE SEGNALAZIONI,
PROCESSI DI GOVERNO,GESTIONE DELLA SEGNALAZIONE DI VIOLAZIONI,ESAME E VALUTAZIONE DELLE SEGNALAZIONI,
PROCESSI DI GOVERNO,GESTIONE DELLA SEGNALAZIONE DI VIOLAZIONI,ATTIVAZIONE DELLE AZIONI RISOLUTIVE,
PROCESSI DI BUSINESS,CREDITO ORDINARIO,PIANIFICAZIONE E SVILUPPO COMMERCIALE,SVILUPPO COMMERCIALE DIRETTO
PROCESSI DI BUSINESS,CREDITO ORDINARIO,PIANIFICAZIONE E SVILUPPO COMMERCIALE,SVILUPPO RELAZIONI CON BANCHE, ENTI ED ASSOCIAZIONI DI CATEGORIA
PROCESSI DI BUSINESS,CREDITO ORDINARIO,PIANIFICAZIONE E SVILUPPO COMMERCIALE,SVILUPPO RELAZIONI CON INTERMEDIARI CONVENZIONATI
PROCESSI DI BUSINESS,CREDITO ORDINARIO,PIANIFICAZIONE E SVILUPPO COMMERCIALE,SVILUPPO RELAZIONI CON DEBITORI CONVENZIONATI
PROCESSI DI BUSINESS,CREDITO ORDINARIO,PIANIFICAZIONE E SVILUPPO COMMERCIALE,SVILUPPO RELAZIONI CON CORRISPONDENTI ESTERI
PROCESSI DI BUSINESS,CREDITO ORDINARIO,ANALISI DI FATTIBILITA ED ASSUNZIONE DEL RISCHIO DI CREDITO,VALUTAZIONE PRELIMINARE CEDENTE E DEBITORE
PROCESSI DI BUSINESS,CREDITO ORDINARIO,ANALISI DI FATTIBILITA ED ASSUNZIONE DEL RISCHIO DI CREDITO,PROPOSTA DI DELIBERA PREISTRUTTORIA
PROCESSI DI BUSINESS,CREDITO ORDINARIO,ANALISI DI FATTIBILITA ED ASSUNZIONE DEL RISCHIO DI CREDITO,ISTRUTTORIA NUOVO CLIENTE
PROCESSI DI BUSINESS,CREDITO ORDINARIO,ANALISI DI FATTIBILITA ED ASSUNZIONE DEL RISCHIO DI CREDITO,ISTRUTTORIA NUOVO DEBITORE CEDUTO
PROCESSI DI BUSINESS,CREDITO ORDINARIO,ANALISI DI FATTIBILITA ED ASSUNZIONE DEL RISCHIO DI CREDITO,DELIBERA NUOVO CLIENTE
PROCESSI DI BUSINESS,CREDITO ORDINARIO,ANALISI DI FATTIBILITA ED ASSUNZIONE DEL RISCHIO DI CREDITO,DELIBERA NUOVO DEBITORE CEDUTO
PROCESSI DI BUSINESS,CREDITO ORDINARIO,STIPULA DEL CONTRATTO ED ATTIVAZIONE DEL RAPPORTO,STIPULA DEL CONTRATTO CLIENTE
PROCESSI DI BUSINESS,CREDITO ORDINARIO,STIPULA DEL CONTRATTO ED ATTIVAZIONE DEL RAPPORTO,ATTIVAZIONE DEL CONTRATTO CLIENTE
PROCESSI DI BUSINESS,CREDITO ORDINARIO,STIPULA DEL CONTRATTO ED ATTIVAZIONE DEL RAPPORTO,STIPULA DEL CONTRATTO DEBITORE
PROCESSI DI BUSINESS,CREDITO ORDINARIO,STIPULA DEL CONTRATTO ED ATTIVAZIONE DEL RAPPORTO,ATTIVAZIONE DEL CONTRATTO DEBITORE
PROCESSI DI BUSINESS,CREDITO ORDINARIO,STIPULA DEL CONTRATTO ED ATTIVAZIONE DEL RAPPORTO,RILASCIO PLAFOND GARANZIA PROSOLUTO
PROCESSI DI BUSINESS,CREDITO ORDINARIO,GESTIONE DEL RAPPORTO,OPERAZIONI DI ACQUISTO DI CREDITI SPECIFICI E RINNOVO MENSILE DELL'ACQUISTO NELL'AMBITO DI UN CONTRATTO QUADRO
PROCESSI DI BUSINESS,CREDITO ORDINARIO,GESTIONE DEL RAPPORTO,ACQUISIZIONE E CARICO CESSIONE
PROCESSI DI BUSINESS,CREDITO ORDINARIO,GESTIONE DEL RAPPORTO,GESTIONE NOTIFICHE
PROCESSI DI BUSINESS,CREDITO ORDINARIO,GESTIONE DEL RAPPORTO,GESTIONE RICONOSCIMENTI
PROCESSI DI BUSINESS,CREDITO ORDINARIO,GESTIONE DEL RAPPORTO,EMISSIONE STRUMENTI DI PAGAMENTO
PROCESSI DI BUSINESS,CREDITO ORDINARIO,GESTIONE DEL RAPPORTO,UTILIZZO DEL CREDITO (ANTICIPAZIONI) - OPERAZIONI TRADIZIONALI
PROCESSI DI BUSINESS,CREDITO ORDINARIO,GESTIONE DEL RAPPORTO,UTILIZZO DEL CREDITO (ANTICIPAZIONI) - OPERAZIONI MATURITY E ATD
PROCESSI DI BUSINESS,CREDITO ORDINARIO,GESTIONE DEL RAPPORTO,EROGAZIONE BONIFICI ED ASSEGNI CIRCOLARI
PROCESSI DI BUSINESS,CREDITO ORDINARIO,GESTIONE DEL RAPPORTO,GESTIONE INCASSI
PROCESSI DI BUSINESS,CREDITO ORDINARIO,GESTIONE DEL RAPPORTO,GESTIONE E MONITORAGGIO DELLA CLIENTELA 
PROCESSI DI BUSINESS,CREDITO ORDINARIO,GESTIONE DEL RAPPORTO,GESTIONE E MONITORAGGIO DEI DEBITORI
PROCESSI DI BUSINESS,CREDITO ORDINARIO,GESTIONE DEL RAPPORTO,PROPOSTA E DELIBERA RINNOVI E REVISIONI
PROCESSI DI BUSINESS,CREDITO ORDINARIO,GESTIONE DEL RAPPORTO,ADDEBITO COMPETENZE
PROCESSI DI BUSINESS,CREDITO ORDINARIO,GESTIONE DEL RAPPORTO,GESTIONE POSIZIONI SORVEGLIATE
PROCESSI DI BUSINESS,CREDITO ORDINARIO,GESTIONE DEL RAPPORTO,CHIUSURA RAPPORTI
PROCESSI DI BUSINESS,CREDITO ORDINARIO,GESTIONE LEGALE,GESTIONE POSIZIONI A CONTENZIOSO
PROCESSI DI BUSINESS,CREDITO ORDINARIO,GESTIONE LEGALE,ATTIVITA DEL SERVIZIO LEGALE
PROCESSI DI BUSINESS,CREDITO DISTRESSED,ACQUISIZIONE CREDITI NPL,CONTATTO COMMERCIALE
PROCESSI DI BUSINESS,CREDITO DISTRESSED,ACQUISIZIONE CREDITI NPL,ISTRUTTORIA
PROCESSI DI BUSINESS,CREDITO DISTRESSED,ACQUISIZIONE CREDITI NPL,DELIBERA
PROCESSI DI BUSINESS,CREDITO DISTRESSED,ACQUISIZIONE CREDITI NPL,PERFEZIONAMENTO
PROCESSI DI BUSINESS,CREDITO DISTRESSED,AVVIO LAVORAZIONE DELLA COMMESSA,GESTIONE DELLA DOCUMENTAZIONE DEI SOGGETTI OBBLIGATI
PROCESSI DI BUSINESS,CREDITO DISTRESSED,AVVIO LAVORAZIONE DELLA COMMESSA,INVIO DELLE LETTERE DI NOTIFICA AI SOGGETTI OBBLIGATI
PROCESSI DI BUSINESS,CREDITO DISTRESSED,AVVIO LAVORAZIONE DELLA COMMESSA,CLASSIFICAZIONE DELLE ESPOSIZIONI npl E SEGNALAZIONI IN CR
PROCESSI DI BUSINESS,CREDITO DISTRESSED,AVVIO LAVORAZIONE DELLA COMMESSA,MONITORAGGIO E CLASSIFICAZIONE DELLE ESPOSIZIONI NEL CONTINUO
PROCESSI DI BUSINESS,CREDITO DISTRESSED,GESTIONE MASSIVA DEI CREDITI,GESTIONE DEI CONTATTI CON SOGGETTI OBBLIGATI (CALL CENTER)
PROCESSI DI BUSINESS,CREDITO DISTRESSED,GESTIONE MASSIVA DEI CREDITI,ASSEGNAZIONE DELLE POSIZIONI ALLA GESTIONE MASSIVA
PROCESSI DI BUSINESS,CREDITO DISTRESSED,GESTIONE MASSIVA DEI CREDITI,LAVORAZIONE MASSIVA DELLE POSIZIONI DEBITORIE
PROCESSI DI BUSINESS,CREDITO DISTRESSED,GESTIONE MASSIVA DEI CREDITI,INDAGINE PATRIMONIALE SULLE POSIZIONI DEBITORIE IN GESTIONE
PROCESSI DI BUSINESS,CREDITO DISTRESSED,GESTIONE ANALITICA DEI CREDITI,ASSEGNAZIONE POSIZIONI GESTIONE ANALITICA
PROCESSI DI BUSINESS,CREDITO DISTRESSED,GESTIONE ANALITICA DEI CREDITI,LAVORAZIONE ANALITICA DEI CREDITI CHIROGRAFARI O IPOTECARI
PROCESSI DI BUSINESS,CREDITO DISTRESSED,GESTIONE ANALITICA DEI CREDITI,LAVORAZIONE ANALITICA DELLE POSIZIONI IN PROCEDURA CONCORSUALE
PROCESSI DI BUSINESS,CREDITO DISTRESSED,ATTIVITA' TRASVERSALI PER LA GESTIONE DEI CREDITI NPL,GESTIONE DELLE PROPOSTE DI PAGAMENTO
PROCESSI DI BUSINESS,CREDITO DISTRESSED,ATTIVITA' TRASVERSALI PER LA GESTIONE DEI CREDITI NPL,CONSERVAZIONE DEI DATI DI PROFILAZIONE DELLA CLIENTELA
PROCESSI DI BUSINESS,CREDITO DISTRESSED,ATTIVITA' TRASVERSALI PER LA GESTIONE DEI CREDITI NPL,GESTIONE DEGLI INCASSI NPL
PROCESSI DI BUSINESS,CREDITO DISTRESSED,ATTIVITA' TRASVERSALI PER LA GESTIONE DEI CREDITI NPL,CHIUSURA PER DECADENZA DEL BENEFICIO DEL TERMINE
PROCESSI DI BUSINESS,CREDITO DISTRESSED,ATTIVITA' TRASVERSALI PER LA GESTIONE DEI CREDITI NPL,GESTIONE COMPENSI AGENTI E SOCIETA' DI RECUPERO
PROCESSI DI BUSINESS,CREDITO DISTRESSED,ATTIVITA' TRASVERSALI PER LA GESTIONE DEI CREDITI NPL,GESTIONE DEI COMPENSI PER I LEGALI
PROCESSI DI BUSINESS,CREDITO DISTRESSED,ATTIVITA' TRASVERSALI PER LA GESTIONE DEI CREDITI NPL,GESTIONE DEI PASSAGGI A PERDITA NPL
PROCESSI DI BUSINESS,CREDITO DISTRESSED,ATTIVITA' TRASVERSALI PER LA GESTIONE DEI CREDITI NPL,MONITORAGGIO DELLE POSIZIONI NEL CONTINUO
PROCESSI DI BUSINESS,CREDITO ERARIALE,RICERCA ED ACQUISIZIONE DEI CONTATTI,CONTATTO CON GLI ORGANI DELLE PROCEDURE CONCORSUALI
PROCESSI DI BUSINESS,CREDITO ERARIALE,RICERCA ED ACQUISIZIONE DEI CONTATTI,MONITORAGGIO DELL'ATTIVITA COMMERCIALE
PROCESSI DI BUSINESS,CREDITO ERARIALE,VALUTAZIONE ISTRUTTORIA,ANALISI DEI REQUISITI DEI CREDITI ERARIALI
PROCESSI DI BUSINESS,CREDITO ERARIALE,VALUTAZIONE ISTRUTTORIA,CONSULENZA LEGALE (EVENTUALE)
PROCESSI DI BUSINESS,CREDITO ERARIALE,VALUTAZIONE ISTRUTTORIA,ATTIVAZIONE DELLA TRATTATIVA
PROCESSI DI BUSINESS,CREDITO ERARIALE,VALUTAZIONE ISTRUTTORIA,PRIMA DUE DILIGENCE: ELABORAZIONE ED ANALISI DELLA DOCUMENTAZIONE
PROCESSI DI BUSINESS,CREDITO ERARIALE,VALUTAZIONE ISTRUTTORIA,VALUTAZIONE DELLA POSIZIONE E PREDISPOSIZIONE DELLA PROPOSTA DI PREZZO
PROCESSI DI BUSINESS,CREDITO ERARIALE,VALUTAZIONE ISTRUTTORIA,VALUTAZIONE E PRICING
PROCESSI DI BUSINESS,CREDITO ERARIALE,ACQUISTO DEI CREDITI,DEFINIZIONE DELLA PROPOSTA DI ACQUISTO
PROCESSI DI BUSINESS,CREDITO ERARIALE,ACQUISTO DEI CREDITI,CESSIONE DEL CREDITO: GESTIONE DELLE FORMALITA PRELIMINARI
PROCESSI DI BUSINESS,CREDITO ERARIALE,ACQUISTO DEI CREDITI,CESSIONE DEL CREDITO: PERFEZIONAMENTO
PROCESSI DI BUSINESS,CREDITO ERARIALE,GESTIONE DEGLI INCASSI,CREAZIONE E GESTIONE DELLA COMMESSA
PROCESSI DI BUSINESS,CREDITO ERARIALE,GESTIONE DEGLI INCASSI,GESTIONE NOTIFICHE
PROCESSI DI BUSINESS,CREDITO ERARIALE,GESTIONE DEGLI INCASSI,GESTIONE CREDITI FUTURI PER IMPOSTE IRES
PROCESSI DI BUSINESS,CREDITO ERARIALE,GESTIONE DEGLI INCASSI,PREDISPOSIZIONE FIDEJUSSIONE
PROCESSI DI BUSINESS,CREDITO ERARIALE,GESTIONE DEGLI INCASSI,GESTIONE DEI RIMBORSI
PROCESSI DI BUSINESS,CREDITO ERARIALE,GESTIONE DEGLI INCASSI,CREAZIONE DELLA COMMESSA E GESTIONE DELLE NOTIFICHE
PROCESSI DI BUSINESS,CREDITO ERARIALE,GESTIONE DEGLI INCASSI,DETERMINAZIONE DELLA PROPOSTA E GESTIONE DEI RIMBORSI
PROCESSI DI BUSINESS,CREDITO ERARIALE,GESTIONE DELLE PRATICHE IN CONTENZIOSO,GESTIONE DEL CONTENZIOSO PASSIVO
PROCESSI DI BUSINESS,CREDITO ERARIALE,GESTIONE DELLE PRATICHE IN CONTENZIOSO,GESTIONE DEL CONTENZIOSO ATTIVO
PROCESSI DI BUSINESS,TESORERIA,ESECUZIONE DEI BONIFICI IN USCITA,ESECUZIONE DI BONIFICI IN EURO DI IMPORTO NON RILEVANTE (ATTRAVERSO LA PROCEDURA DEL BUON CONSIGLIO)
PROCESSI DI BUSINESS,TESORERIA,ESECUZIONE DEI BONIFICI IN USCITA,ESECUZIONE DI BONIFICI SWIFT IN EURO E DIVISA TRAMITE WEB ESTERO
PROCESSI DI BUSINESS,TESORERIA,ESECUZIONE DEI BONIFICI IN USCITA,ESECUZIONE DI BONIFICI DI IMPORTO RILEVANTE TRAMITE CONTO DI GESTIONE BDI
PROCESSI DI BUSINESS,TESORERIA,GESTIONE DEI BONIFICI IN ARRIVO,INCASSO BONIFICI IN EURO DI IMPORTO NON RILEVANTE
PROCESSI DI BUSINESS,TESORERIA,GESTIONE DEI BONIFICI IN ARRIVO,INCASSO BONIFICI IN EURO O IN DIVISA TRAMITE WEB ESTERO
PROCESSI DI BUSINESS,TESORERIA,GESTIONE DEI BONIFICI IN ARRIVO,INCASSO BONIFICI SWIFT IN EURO O IN DIVISA 
PROCESSI DI BUSINESS,TESORERIA,GESTIONE DEI BONIFICI IN ARRIVO,INCASSO BONIFICI IN EURO O DIVISA TRAMITE HOME BANKING INTESA
PROCESSI DI BUSINESS,TESORERIA,GESTIONE DEI TITOLI DI CREDITO E DELLE RIBA,RICHIESTE DI EMISSIONE ASSEGNI PER CONTO DI FILIALI
PROCESSI DI BUSINESS,TESORERIA,GESTIONE DEI TITOLI DI CREDITO E DELLE RIBA,RICHIESTE DI EMISSIONE ASSEGNI PER CONTO DEL SERVIZIO AMMINISTRAZIONE
PROCESSI DI BUSINESS,TESORERIA,GESTIONE DEI TITOLI DI CREDITO E DELLE RIBA,VERSAMENTO ASSEGNI PER CONTO DI CONTROPARTI AZIENDALI
PROCESSI DI BUSINESS,TESORERIA,GESTIONE DEI TITOLI DI CREDITO E DELLE RIBA,INCASSO CAMBIALI
PROCESSI DI BUSINESS,TESORERIA,GESTIONE DEI TITOLI DI CREDITO E DELLE RIBA,INCASSO RICEVUTE BANCARIE ELETTRONICHE
PROCESSI DI BUSINESS,TESORERIA,GESTIONE DELLA TESORERIA AZIENDALE,GIROCONTO IN EURO A CONTO DI GESTIONE
PROCESSI DI BUSINESS,TESORERIA,GESTIONE DELLA TESORERIA AZIENDALE,GIROCONTO IN DIVISA PRESSO GISP, WELLS FARGO, CCB
PROCESSI DI BUSINESS,TESORERIA,GESTIONE DELLA TESORERIA AZIENDALE,COMPRAVENDITA IN DIVISA
PROCESSI DI BUSINESS,TESORERIA,GESTIONE DELLA TESORERIA AZIENDALE,ACCENSIONE DEPOSITI E - MID ATTIVIT/PASSIVI IN EURO
PROCESSI DI BUSINESS,TESORERIA,GESTIONE DELLA TESORERIA AZIENDALE,ESTINZIONE DEPOSITI E - MID ATTIVIT/PASSIVI IN EURO
PROCESSI DI BUSINESS,TESORERIA,GESTIONE DELLA TESORERIA AZIENDALE,ACCENSIONE DEPOSITI ATTIVI / PASSIVI FUORI E - MID
PROCESSI DI BUSINESS,TESORERIA,GESTIONE DELLA TESORERIA AZIENDALE,ESTINZIONE DEPOSITI ATTIVI / PASSIVI FUORI E - MID
PROCESSI DI BUSINESS,TESORERIA,GESTIONE DELLA TESORERIA AZIENDALE,GESTIONE DEI CURRENCY SWAP: ATTIVAZIONE OPERAZIONE
PROCESSI DI BUSINESS,TESORERIA,GESTIONE DELLA TESORERIA AZIENDALE,GESTIONE DEI CURRENCY SWAP: ESTINZIONE OPERAZIONE
PROCESSI DI BUSINESS,TESORERIA,GESTIONE DELLA TESORERIA AZIENDALE,PRODUZIONE DELLA MESSAGGISTICA RENDIMAX
PROCESSI DI BUSINESS,TESORERIA,GESTIONE DELLA TESORERIA AZIENDALE,RILEVAZIONE DEI TASSI DI FINE MESE
PROCESSI DI BUSINESS,FINANZA,GESTIONE DEL PORTAFOGLIO DI STRUMENTI FINANZIARI DI PROPRIETA,ACQUISTO E VENDITA DI STRUMENTI FINANZIARI
PROCESSI DI BUSINESS,FINANZA,GESTIONE DEL PORTAFOGLIO DI STRUMENTI FINANZIARI DI PROPRIETA,OPERAZIONI DI REPURCHASE AGREEMENT
PROCESSI DI BUSINESS,FINANZA,GESTIONE DEL PORTAFOGLIO DI STRUMENTI FINANZIARI DI PROPRIETA,OPERAZIONI CON BCE
PROCESSI DI BUSINESS,FINANZA,GESTIONE DEL PORTAFOGLIO DI STRUMENTI FINANZIARI DI PROPRIETA,OPERAZIONI SUL MERCATO COLLATERALIZZATO
PROCESSI DI BUSINESS,FINANZA,GESTIONE DEL PORTAFOGLIO DI STRUMENTI FINANZIARI DI PROPRIETA,GIROCONTO TRA I DOSSIER PRESSO I DEPOSITARI
PROCESSI DI BUSINESS,SERVIZI BANCARI TIPICI,GESTIONE RENDIMAX,RICHIESTA DI INFORMAZIONI / DOCUMENTAZIONE
PROCESSI DI BUSINESS,SERVIZI BANCARI TIPICI,GESTIONE RENDIMAX,APERTURA RAPPORTI
PROCESSI DI BUSINESS,SERVIZI BANCARI TIPICI,GESTIONE RENDIMAX,GESTIONE RAPPORTI
PROCESSI DI BUSINESS,SERVIZI BANCARI TIPICI,GESTIONE RENDIMAX,ARCHIVIAZIONE DOCUMENTAZIONE 
PROCESSI DI BUSINESS,SERVIZI BANCARI TIPICI,GESTIONE RENDIMAX,MONITORAGGIO DELLE ATTIVITA SVOLTE DAI FDS CUI E' ESTERNALIZZATA LA GESTIONE DEI CONTRATTI RENDIMAX
PROCESSI DI BUSINESS,SERVIZI BANCARI TIPICI,GESTIONE CARTA RENDIMAX,CONSULTAZIONE DEL PROFILO E DEI RISCHI DEL SERVIZIO
PROCESSI DI BUSINESS,SERVIZI BANCARI TIPICI,GESTIONE CARTA RENDIMAX,ATTIVAZIONE DEL SERVIZIO
PROCESSI DI BUSINESS,SERVIZI BANCARI TIPICI,GESTIONE CARTA RENDIMAX,ESTINZIONE DEL SERVIZIO
PROCESSI DI BUSINESS,SERVIZI BANCARI TIPICI,GESTIONE CARTA RENDIMAX,GESTIONE DEGLI ALERT DI UTILIZZO FRAUDOLENTO
PROCESSI DI BUSINESS,SERVIZI BANCARI TIPICI,GESTIONE CARTA RENDIMAX,GESTIONE DEL SINISTRO ASSICURATIVO
PROCESSI DI BUSINESS,SERVIZI BANCARI TIPICI,GESTIONE CARTA RENDIMAX,ARCHIVIAZIONE DELLA DOCUMENTAZIONE
PROCESSI DI BUSINESS,SERVIZI BANCARI TIPICI,GESTIONE CONTOMAX,RICHIESTA DI INFORMAZIONI / DOCUMENTAZIONE E VERIFICHE ANTIFRODE
PROCESSI DI BUSINESS,SERVIZI BANCARI TIPICI,GESTIONE CONTOMAX,APERTURA RAPPORTI
PROCESSI DI BUSINESS,SERVIZI BANCARI TIPICI,GESTIONE CONTOMAX,GESTIONE RAPPORTI
PROCESSI DI BUSINESS,SERVIZI BANCARI TIPICI,GESTIONE CONTOMAX,VARIAZIONE CONDIZIONI ECONOMICHE
PROCESSI DI BUSINESS,SERVIZI BANCARI TIPICI,GESTIONE CONTOMAX,ARCHIVIAZIONE DOCUMENTAZIONE 
PROCESSI DI BUSINESS,SERVIZI BANCARI TIPICI,GESTIONE CONTOMAX,GESTIONE DELLA TRASPARENZA
PROCESSI DI BUSINESS,SERVIZI BANCARI TIPICI,GESTIONE CONTOMAX,GESTIONE MAGAZZINO (TOKEN E CARTE)
PROCESSI DI BUSINESS,SERVIZI BANCARI TIPICI,GESTIONE CONTO CORRENTE,RENDICONTAZIONE CONTO CORRENTE
PROCESSI DI BUSINESS,SERVIZI BANCARI TIPICI,GESTIONE CONTO CORRENTE,BLOCCHI CONTO CORRENTE
PROCESSI DI BUSINESS,SERVIZI BANCARI TIPICI,GESTIONE CONTO CORRENTE,ESTINZIONE CONTO CORRENTE
PROCESSI DI BUSINESS,SERVIZI BANCARI TIPICI,GESTIONE CONTO CORRENTE,VARIAZIONE CONDIZIONI ECONOMICHE
PROCESSI DI SUPPORTO,AMMINISTRAZIONE,GESTIONE ADEMPIMENTI AMMINISTRATIVO - CONTABILI,DEFINIZIONE DEL PIANO DEI CONTI E DEGLI SCHEMI CONTABILI
PROCESSI DI SUPPORTO,AMMINISTRAZIONE,GESTIONE ADEMPIMENTI AMMINISTRATIVO - CONTABILI,RACCOLTA DATI CONTABILI E REGISTRAZIONE
PROCESSI DI SUPPORTO,AMMINISTRAZIONE,GESTIONE ADEMPIMENTI AMMINISTRATIVO - CONTABILI,QUADRATURE E RETTIFICHE
PROCESSI DI SUPPORTO,AMMINISTRAZIONE,FINANCIAL REPORTING,CHIUSURA DEI CICLI DI BILANCIO
PROCESSI DI SUPPORTO,AMMINISTRAZIONE,FINANCIAL REPORTING,RELAZIONE FINANZIARIA ANNUALE
PROCESSI DI SUPPORTO,AMMINISTRAZIONE,FINANCIAL REPORTING,RELAZIONE FINANZIARIA SEMESTRALE CONSOLIDATA
PROCESSI DI SUPPORTO,AMMINISTRAZIONE,FINANCIAL REPORTING,RESOCONTO INTERMEDIO DI GESTIONE CONSOLIDATO
PROCESSI DI SUPPORTO,AMMINISTRAZIONE,GESTIONE DEGLI ADEMPIMENTI FISCALI,IDENTIFICAZIONE DEGLI ADEMPIMENTI FISCALI
PROCESSI DI SUPPORTO,AMMINISTRAZIONE,GESTIONE DEGLI ADEMPIMENTI FISCALI,ASSOLVIMENTO DEGLI ADEMPIMENTI FISCALI
PROCESSI DI SUPPORTO,AMMINISTRAZIONE,GESTIONE CICLO PASSIVO,RACCOLTA RICHIESTA DI ACQUISTO
PROCESSI DI SUPPORTO,AMMINISTRAZIONE,GESTIONE CICLO PASSIVO,ISTRUTTORIA
PROCESSI DI SUPPORTO,AMMINISTRAZIONE,GESTIONE CICLO PASSIVO,TRATTATIVA
PROCESSI DI SUPPORTO,AMMINISTRAZIONE,GESTIONE CICLO PASSIVO,DELIBERA E PERFEZIONAMENTO
PROCESSI DI SUPPORTO,AMMINISTRAZIONE,GESTIONE CICLO PASSIVO,RICEZIONE
PROCESSI DI SUPPORTO,AMMINISTRAZIONE,GESTIONE CICLO PASSIVO,PAGAMENTO
PROCESSI DI SUPPORTO,RISORSE UMANE,PIANO STRATEGICO RR.UU,STIMA DEL FABBISOGNO E VALUTAZIONE ESIGENZE
PROCESSI DI SUPPORTO,RISORSE UMANE,PIANO STRATEGICO RR.UU,DELIBERA DEL PIANO DI ASSUNZIONI
PROCESSI DI SUPPORTO,RISORSE UMANE,PIANO STRATEGICO RR.UU,RICHIESTE STRAORDINARIE DI AUMENTO ORGANICO
PROCESSI DI SUPPORTO,RISORSE UMANE,PIANO STRATEGICO RR.UU,RICHIESTE STRAORDINARIE PER POSTI VACANTI
PROCESSI DI SUPPORTO,RISORSE UMANE,SELEZIONE,RECLUTAMENTO
PROCESSI DI SUPPORTO,RISORSE UMANE,SELEZIONE,VALUTAZIONE
PROCESSI DI SUPPORTO,RISORSE UMANE,ASSUNZIONE,COMUNICAZIONE DELLA PROPOSTA DI ASSUNZIONE
PROCESSI DI SUPPORTO,RISORSE UMANE,INSERIMENTO,
PROCESSI DI SUPPORTO,RISORSE UMANE,VALUTAZIONE DEL PERSONALE,AUTOVALUTAZIONE
PROCESSI DI SUPPORTO,RISORSE UMANE,VALUTAZIONE DEL PERSONALE,ETEROVALUTAZIONE
PROCESSI DI SUPPORTO,RISORSE UMANE,VALUTAZIONE DEL PERSONALE,CONTROLLO DI QUALITA'
PROCESSI DI SUPPORTO,RISORSE UMANE,VALUTAZIONE DEL PERSONALE,COLLOQUIO DEL RESPONSABILE
PROCESSI DI SUPPORTO,RISORSE UMANE,VALUTAZIONE DEL PERSONALE,INSERIMENTO DELLE NOTE DEL VALUTATO
PROCESSI DI SUPPORTO,RISORSE UMANE,FORMAZIONE E SVILUPPO PROFESSIONALE,DEFINIZIONE DEL PIANO DI FORMAZIONE ANNUALE
PROCESSI DI SUPPORTO,RISORSE UMANE,FORMAZIONE E SVILUPPO PROFESSIONALE,ASSESSMENT DEL PROGRAMMA DIDATTICO DI OGNI CORSO
PROCESSI DI SUPPORTO,RISORSE UMANE,FORMAZIONE E SVILUPPO PROFESSIONALE,APPROVAZIONE CORSI E SEMINARI ESTERNI
PROCESSI DI SUPPORTO,RISORSE UMANE,POLITICHE RETRIBUTIVE,
PROCESSI DI SUPPORTO,RISORSE UMANE,CESSAZIONE DEL RAPPORTO,
PROCESSI DI SUPPORTO,RISORSE UMANE,AMMINISTRAZIONE DEL PERSONALE,
PROCESSI DI SUPPORTO,GESTIONE SISTEMI INFORMATIVI E TELECOMUNICAZIONI,DEFINIZIONE PIANO STRATEGICO ICT ED INDIRIZZI TECNOLOGICI,COMPRENSIONE OBIETTIVI DI BUSINESS
PROCESSI DI SUPPORTO,GESTIONE SISTEMI INFORMATIVI E TELECOMUNICAZIONI,DEFINIZIONE PIANO STRATEGICO ICT ED INDIRIZZI TECNOLOGICI,ANALISI ATTUALE PORTAFOGLIO PROGETTI ICT
PROCESSI DI SUPPORTO,GESTIONE SISTEMI INFORMATIVI E TELECOMUNICAZIONI,DEFINIZIONE PIANO STRATEGICO ICT ED INDIRIZZI TECNOLOGICI,VALUTAZIONE DEGLI SVILUPPI SULL'ARCHITETTURA APPLICATIVA AS IDI , DEFINIZIONE DEL DISEGNO ARCHITETTUARALE TO BE ED EVIDENZA DEI RELATIVI GAP
PROCESSI DI SUPPORTO,GESTIONE SISTEMI INFORMATIVI E TELECOMUNICAZIONI,DEFINIZIONE PIANO STRATEGICO ICT ED INDIRIZZI TECNOLOGICI,ANALISI DEL MODELLO ORGANIZZATIVO AS IS DELLA FUNZIONE ICT, DEFINIZIONE DEL DISEGNO ORGANIZZATIVO TO - BE ED EVIDENZA DEI RELATIVI GAP
PROCESSI DI SUPPORTO,GESTIONE SISTEMI INFORMATIVI E TELECOMUNICAZIONI,DEFINIZIONE PIANO STRATEGICO ICT ED INDIRIZZI TECNOLOGICI,VALUTAZIONE DEL MODELLO DI SOURCING
PROCESSI DI SUPPORTO,GESTIONE SISTEMI INFORMATIVI E TELECOMUNICAZIONI,DEFINIZIONE PIANO STRATEGICO ICT ED INDIRIZZI TECNOLOGICI,ANALISI DEI RISULTATI DELLA VALUTAZIONE DEL RISCHIO INFORMATICO ATTESO (RISK APPETITE)
PROCESSI DI SUPPORTO,GESTIONE SISTEMI INFORMATIVI E TELECOMUNICAZIONI,DEFINIZIONE PIANO STRATEGICO ICT ED INDIRIZZI TECNOLOGICI,STESURA DELLA PRIMA BOZZA DI PIANO STRATEGICO ICT
PROCESSI DI SUPPORTO,GESTIONE SISTEMI INFORMATIVI E TELECOMUNICAZIONI,DEFINIZIONE PIANO STRATEGICO ICT ED INDIRIZZI TECNOLOGICI,IDENTIFICAZIONE E PIANIFICAZIONE DELLE SPECIFICHE PROGETTUALITA FINALIZZATE ALLA REALIZZAZIONE DEGLI OBIETTIVI STRATEGICI ICT
PROCESSI DI SUPPORTO,GESTIONE SISTEMI INFORMATIVI E TELECOMUNICAZIONI,DEFINIZIONE PIANO STRATEGICO ICT ED INDIRIZZI TECNOLOGICI,IDENTIFICAZIONE DEI POSSIBILI FORNITORI DI SERVIZI
PROCESSI DI SUPPORTO,GESTIONE SISTEMI INFORMATIVI E TELECOMUNICAZIONI,DEFINIZIONE PIANO STRATEGICO ICT ED INDIRIZZI TECNOLOGICI,MONITORAGGIO DEI PROGETTI ICT
PROCESSI DI SUPPORTO,GESTIONE SISTEMI INFORMATIVI E TELECOMUNICAZIONI,ANALISI DEI RISCHI INFORMATICI,DEFINIZIONE DEL CONTESTO
PROCESSI DI SUPPORTO,GESTIONE SISTEMI INFORMATIVI E TELECOMUNICAZIONI,ANALISI DEI RISCHI INFORMATICI,IDENTIFICAZIONE DEI RISCHI
PROCESSI DI SUPPORTO,GESTIONE SISTEMI INFORMATIVI E TELECOMUNICAZIONI,ANALISI DEI RISCHI INFORMATICI,ANALISI DEI RISCHI
PROCESSI DI SUPPORTO,GESTIONE SISTEMI INFORMATIVI E TELECOMUNICAZIONI,ANALISI DEI RISCHI INFORMATICI,VALUTAZIONE DEI RISCHI
PROCESSI DI SUPPORTO,GESTIONE SISTEMI INFORMATIVI E TELECOMUNICAZIONI,ANALISI DEI RISCHI INFORMATICI,TRATTAMENTO DEL RISCHIO
PROCESSI DI SUPPORTO,GESTIONE SISTEMI INFORMATIVI E TELECOMUNICAZIONI,MONITORAGGIO E MISURAZIONE DELLE PERFORMANCE DELL'ICT E DEI RELATIVI KPI,IDENTIFICAZIONE DEGLI AMBITI DA MONITORARE
PROCESSI DI SUPPORTO,GESTIONE SISTEMI INFORMATIVI E TELECOMUNICAZIONI,MONITORAGGIO E MISURAZIONE DELLE PERFORMANCE DELL'ICT E DEI RELATIVI KPI,DEFINIZIONE DEI KPI RELATIVI AGLI AMBITI INDIVIDUATI
PROCESSI DI SUPPORTO,GESTIONE SISTEMI INFORMATIVI E TELECOMUNICAZIONI,MONITORAGGIO E MISURAZIONE DELLE PERFORMANCE DELL'ICT E DEI RELATIVI KPI,PREDISPOSIZIONE DELLE RISORSE NECESSARIE ALL'ELABORAZIONE DEI KPI
PROCESSI DI SUPPORTO,GESTIONE SISTEMI INFORMATIVI E TELECOMUNICAZIONI,MONITORAGGIO E MISURAZIONE DELLE PERFORMANCE DELL'ICT E DEI RELATIVI KPI,MISURAZIONE DEI COSTI ICT
PROCESSI DI SUPPORTO,GESTIONE SISTEMI INFORMATIVI E TELECOMUNICAZIONI,MONITORAGGIO E MISURAZIONE DELLE PERFORMANCE DELL'ICT E DEI RELATIVI KPI,MISURAZIONE DELLE PRESTAZIONI
PROCESSI DI SUPPORTO,GESTIONE SISTEMI INFORMATIVI E TELECOMUNICAZIONI,MONITORAGGIO E MISURAZIONE DELLE PERFORMANCE DELL'ICT E DEI RELATIVI KPI,REDAZIONE DEL RAPPORTO SINTETICO SU ADEGUATEZZA E COSTI DELL'ICT
PROCESSI DI SUPPORTO,GESTIONE SISTEMI INFORMATIVI E TELECOMUNICAZIONI,MONITORAGGIO E MISURAZIONE DELLE PERFORMANCE DELL'ICT E DEI RELATIVI KPI,DEFINIZIONE E MONITORAGGIO DELLE AZIONI DI MIGLIORAMENTO DELLE PRESTAZIONI
PROCESSI DI SUPPORTO,GESTIONE SISTEMI INFORMATIVI E TELECOMUNICAZIONI,GESTIONE DEI PROCGETTI ICT,RECEPIMENTO NUOVE PROGETTUALITA' ICT
PROCESSI DI SUPPORTO,GESTIONE SISTEMI INFORMATIVI E TELECOMUNICAZIONI,GESTIONE DEI PROCGETTI ICT,RECEPIMENTO DI PROGETTI ICT URGENTI
PROCESSI DI SUPPORTO,GESTIONE SISTEMI INFORMATIVI E TELECOMUNICAZIONI,GESTIONE DEI PROCGETTI ICT,COMUNICAZIONE DEI PROGETTI AD AMPIO IMPATTO
PROCESSI DI SUPPORTO,GESTIONE SISTEMI INFORMATIVI E TELECOMUNICAZIONI,GESTIONE DEI PROCGETTI ICT,MONITORAGGIO DELLE PROGETTUALITA' ICT
PROCESSI DI SUPPORTO,GESTIONE SISTEMI INFORMATIVI E TELECOMUNICAZIONI,GESTIONE DEI PROCGETTI ICT,VERIFICA DELL'AVANZAMENTO DEI PROGETTI ICT
PROCESSI DI SUPPORTO,GESTIONE SISTEMI INFORMATIVI E TELECOMUNICAZIONI,GESTIONE DEI PROCGETTI ICT,VALUTAZIONE DELLA RILEVANZA DEI PROGETTI ICT
PROCESSI DI SUPPORTO,GESTIONE SISTEMI INFORMATIVI E TELECOMUNICAZIONI,GESTIONE DEI PROCGETTI ICT,GESTIONE DELLE CRITICITA'
PROCESSI DI SUPPORTO,GESTIONE SISTEMI INFORMATIVI E TELECOMUNICAZIONI,GESTIONE DEI PROCGETTI ICT,CHIUSURA DEI PROGETTI ICT
PROCESSI DI SUPPORTO,GESTIONE SISTEMI INFORMATIVI E TELECOMUNICAZIONI,GESTIONE DEI PROCGETTI ICT,AGGIORNAMENTO DEL PIANO OPERATIVO ANNUALE
PROCESSI DI SUPPORTO,GESTIONE SISTEMI INFORMATIVI E TELECOMUNICAZIONI,CHANGE MANAGEMENT DELLE APPLICAZIONI,GESTIONE DELLE ESIGENZE DI MODIFICA DEL SOFTWARE APPLICATIVO
PROCESSI DI SUPPORTO,GESTIONE SISTEMI INFORMATIVI E TELECOMUNICAZIONI,CHANGE MANAGEMENT DELLE APPLICAZIONI,GESTIONE DEI NUOVI SVILUPPI
PROCESSI DI SUPPORTO,GESTIONE SISTEMI INFORMATIVI E TELECOMUNICAZIONI,CHANGE MANAGEMENT DELLE APPLICAZIONI,GESTIONE ANOMALIE
PROCESSI DI SUPPORTO,GESTIONE SISTEMI INFORMATIVI E TELECOMUNICAZIONI,CHANGE MANAGEMENT DELLE APPLICAZIONI,SVILUPPO E COLLAUDO DELL'INTERVENTO DI MODIFICA
PROCESSI DI SUPPORTO,GESTIONE SISTEMI INFORMATIVI E TELECOMUNICAZIONI,CHANGE MANAGEMENT DELLE APPLICAZIONI,APPROVAZIONE E PIANIFICAZIONE DEL PASSAGGIO IN PRODUZIONE
PROCESSI DI SUPPORTO,GESTIONE SISTEMI INFORMATIVI E TELECOMUNICAZIONI,CHANGE MANAGEMENT DELLE APPLICAZIONI,PASSAGGIO IN AMBIENTE DI PRODUZIONE
PROCESSI DI SUPPORTO,GESTIONE SISTEMI INFORMATIVI E TELECOMUNICAZIONI,CHANGE MANAGEMENT DELLE APPLICAZIONI,MODIFICHE IN EMERGENZA
PROCESSI DI SUPPORTO,GESTIONE SISTEMI INFORMATIVI E TELECOMUNICAZIONI,CHANGE MANAGEMENT INFRASTRUTTURALE,RACCOLTA DELLE ESIGENZE DI MODIFICA DELL'INFRASTRUTTURA
PROCESSI DI SUPPORTO,GESTIONE SISTEMI INFORMATIVI E TELECOMUNICAZIONI,CHANGE MANAGEMENT INFRASTRUTTURALE,GESTIONE DELLE ESIGENZE DI MODIFICA
PROCESSI DI SUPPORTO,GESTIONE SISTEMI INFORMATIVI E TELECOMUNICAZIONI,CHANGE MANAGEMENT INFRASTRUTTURALE,INTERVENTI NEGLI AMBIENTI INFERIORI ALLA PRODUZIONE
PROCESSI DI SUPPORTO,GESTIONE SISTEMI INFORMATIVI E TELECOMUNICAZIONI,CHANGE MANAGEMENT INFRASTRUTTURALE,PIANIFICAZIONE ED APPROVAZIONE DEL PASSAGGIO IN PRODUZIONE
PROCESSI DI SUPPORTO,GESTIONE SISTEMI INFORMATIVI E TELECOMUNICAZIONI,CHANGE MANAGEMENT INFRASTRUTTURALE,PASSAGGIO IN PRODUZIONE
PROCESSI DI SUPPORTO,GESTIONE SISTEMI INFORMATIVI E TELECOMUNICAZIONI,CHANGE MANAGEMENT INFRASTRUTTURALE,MODIFICHE IN EMERGENZA
PROCESSI DI SUPPORTO,GESTIONE SISTEMI INFORMATIVI E TELECOMUNICAZIONI,CAPACITY PLANNING,DEFINIZIONE DEGLI OBIETTIVI
PROCESSI DI SUPPORTO,GESTIONE SISTEMI INFORMATIVI E TELECOMUNICAZIONI,CAPACITY PLANNING,PIANIFICAZIONE E MONITORAGGIO 
PROCESSI DI SUPPORTO,GESTIONE SISTEMI INFORMATIVI E TELECOMUNICAZIONI,CAPACITY PLANNING,ANALISI PERIODICA
PROCESSI DI SUPPORTO,GESTIONE SISTEMI INFORMATIVI E TELECOMUNICAZIONI,CAPACITY PLANNING,REVISIONE E ADEGUAMENTI DELLA CAPACITA'
PROCESSI DI SUPPORTO,GESTIONE SISTEMI INFORMATIVI E TELECOMUNICAZIONI,GESTIONE DELLO SVILUPPO, DELL'ACQUISIZIONE E DELLA MANUTENZIONE DEL SOFTWARE APPLICATIVO E DELL'INFRASTRUTTURA TECNOLOGICA,DEFINIZIONE DEI REQUISITI DI SICUREZZA
PROCESSI DI SUPPORTO,GESTIONE SISTEMI INFORMATIVI E TELECOMUNICAZIONI,GESTIONE DELLO SVILUPPO, DELL'ACQUISIZIONE E DELLA MANUTENZIONE DEL SOFTWARE APPLICATIVO E DELL'INFRASTRUTTURA TECNOLOGICA,IMPLEMENTAZIONE DEI SISTEMI INFORMATICI
PROCESSI DI SUPPORTO,GESTIONE SISTEMI INFORMATIVI E TELECOMUNICAZIONI,GESTIONE DELLO SVILUPPO, DELL'ACQUISIZIONE E DELLA MANUTENZIONE DEL SOFTWARE APPLICATIVO E DELL'INFRASTRUTTURA TECNOLOGICA,ACQUISIZIONE DEI SISTEMI INFORMATICI
PROCESSI DI SUPPORTO,GESTIONE SISTEMI INFORMATIVI E TELECOMUNICAZIONI,GESTIONE DELLO SVILUPPO, DELL'ACQUISIZIONE E DELLA MANUTENZIONE DEL SOFTWARE APPLICATIVO E DELL'INFRASTRUTTURA TECNOLOGICA,VERIFICA DEI SISTEMI INFORMATICI
PROCESSI DI SUPPORTO,GESTIONE SISTEMI INFORMATIVI E TELECOMUNICAZIONI,ASSICURAZIONE DELLA CONFORMITA' A LEGGI E NORMATIVE ESTERNE ED INTERNE RELATIVE AL SISTEMA INFORMATIVO,IDENTIFICAZIONE
PROCESSI DI SUPPORTO,GESTIONE SISTEMI INFORMATIVI E TELECOMUNICAZIONI,ASSICURAZIONE DELLA CONFORMITA' A LEGGI E NORMATIVE ESTERNE ED INTERNE RELATIVE AL SISTEMA INFORMATIVO,ASSESSMENT 
PROCESSI DI SUPPORTO,GESTIONE SISTEMI INFORMATIVI E TELECOMUNICAZIONI,ASSICURAZIONE DELLA CONFORMITA' A LEGGI E NORMATIVE ESTERNE ED INTERNE RELATIVE AL SISTEMA INFORMATIVO,REMEDIATION PLAN
PROCESSI DI SUPPORTO,GESTIONE SISTEMI INFORMATIVI E TELECOMUNICAZIONI,ASSICURAZIONE DELLA CONFORMITA' A LEGGI E NORMATIVE ESTERNE ED INTERNE RELATIVE AL SISTEMA INFORMATIVO,MONITORAGGIO
PROCESSI DI SUPPORTO,GESTIONE SISTEMI INFORMATIVI E TELECOMUNICAZIONI,ASSICURAZIONE DELLA CONFORMITA' A LEGGI E NORMATIVE ESTERNE ED INTERNE RELATIVE AL SISTEMA INFORMATIVO,REPORTING
PROCESSI DI SUPPORTO,GESTIONE SISTEMI INFORMATIVI E TELECOMUNICAZIONI,GESTIONE DELLE ACQUISIZIONI DI SISTEMI, SOFTWARE E SERVIZI IT (INCLUSO IL RICORSO A FORNITORI ESTERNI),IDENTIFICAZIONE E CENSIMENTO DI NUOVE ESIGENZE IN AMBITO ICT
PROCESSI DI SUPPORTO,GESTIONE SISTEMI INFORMATIVI E TELECOMUNICAZIONI,GESTIONE DELLE ACQUISIZIONI DI SISTEMI, SOFTWARE E SERVIZI IT (INCLUSO IL RICORSO A FORNITORI ESTERNI),ANALISI DEGLI IMPATTI DERIVANTI DAL RICORSO A FORNITORI ESTERNI
PROCESSI DI SUPPORTO,GESTIONE SISTEMI INFORMATIVI E TELECOMUNICAZIONI,GESTIONE DELLE ACQUISIZIONI DI SISTEMI, SOFTWARE E SERVIZI IT (INCLUSO IL RICORSO A FORNITORI ESTERNI),VALUTAZIONE DELLA CONVENIENZA A RICORRERE A FORNITORI ESTERNI
PROCESSI DI SUPPORTO,GESTIONE SISTEMI INFORMATIVI E TELECOMUNICAZIONI,GESTIONE DELLE ACQUISIZIONI DI SISTEMI, SOFTWARE E SERVIZI IT (INCLUSO IL RICORSO A FORNITORI ESTERNI),SELEZIONE DEL FORNITORE DI SISTEMI, SOFTWARE O SERVIZI
PROCESSI DI SUPPORTO,GESTIONE SISTEMI INFORMATIVI E TELECOMUNICAZIONI,GESTIONE DELLE ACQUISIZIONI DI SISTEMI, SOFTWARE E SERVIZI IT (INCLUSO IL RICORSO A FORNITORI ESTERNI),FORMALIZZAZIONE ACCORDO DI FORNITURA
PROCESSI DI SUPPORTO,GESTIONE SISTEMI INFORMATIVI E TELECOMUNICAZIONI,GESTIONE DELLE ACQUISIZIONI DI SISTEMI, SOFTWARE E SERVIZI IT (INCLUSO IL RICORSO A FORNITORI ESTERNI),MONITORAGGIO SLA E CLAUSOLE CONTRATTUALI
PROCESSI DI SUPPORTO,ORGANIZZAZIONE,DEFINIZIONE E REVISIONE DELL'ASSETTO ORGANIZZATIVO AZIENDALE,DEFINIZIONE E REVISIONE DEL MODELLO ORGANIZZATIVO 
PROCESSI DI SUPPORTO,ORGANIZZAZIONE,DEFINIZIONE E REVISIONE DELL'ASSETTO ORGANIZZATIVO AZIENDALE,IDENTIFICAZIONE DELLE FUNZIONI OPERATIVE IMPORTANTI
PROCESSI DI SUPPORTO,ORGANIZZAZIONE,DEFINIZIONE E REVISIONE DELL'ASSETTO ORGANIZZATIVO AZIENDALE,DEFINIZIONE E REVISIONE DELL'ORGANIGRAMMA E FUNZIONIGRAMMA
PROCESSI DI SUPPORTO,ORGANIZZAZIONE,DEFINIZIONE E REVISIONE DELL'ASSETTO ORGANIZZATIVO AZIENDALE,DEFINIZIONE E REVISIONE DIMENSIONAMENTO DEGLI ORGANICI
PROCESSI DI SUPPORTO,ORGANIZZAZIONE,DEFINIZIONE E REVISIONE DELL'ASSETTO ORGANIZZATIVO AZIENDALE,DEFINIZIONE DELLA TASSONOMIA DEI PROCESSI
PROCESSI DI SUPPORTO,ORGANIZZAZIONE,GESTIONE DEI PROCESSI AZIENDALI,DEFINIZIONE E REVISIONE DEI PROCESSI AZIENDALI
PROCESSI DI SUPPORTO,ORGANIZZAZIONE,GESTIONE DEI PROCESSI AZIENDALI,MAPPATURA DEI PROCESSI AZIENDALI
PROCESSI DI SUPPORTO,ORGANIZZAZIONE,GESTIONE DEI PROCESSI AZIENDALI,DEFINIZIONE DELLA TASSONOMIA DELLE FONTI REGOLAMENTARI
PROCESSI DI SUPPORTO,ORGANIZZAZIONE,GESTIONE DELLA NORMATIVA INTERNA,REDAZIONE NORMATIVA INTERNA
PROCESSI DI SUPPORTO,ORGANIZZAZIONE,GESTIONE DELLA NORMATIVA INTERNA,APPROVAZIONE DELLA NORMATIVA INTERNA
PROCESSI DI SUPPORTO,ORGANIZZAZIONE,GESTIONE DELLA NORMATIVA INTERNA,DIVULGAZIONE DELLA NORMATIVA INTERNA
PROCESSI DI SUPPORTO,ORGANIZZAZIONE,GESTIONE DELLA NORMATIVA INTERNA,INTEGRAZIONE E AGGIORNAMENTO DELLA NORMATIVA INTERNA
PROCESSI DI SUPPORTO,ORGANIZZAZIONE,ESTERNALIZZAZIONE DI FUNZIONI AZIENDALI,IDENTIFICAZIONE DEI LIVELLI DECISIONALI E DELLE UNITA ORGANIZZATIVE COINVOLTE
PROCESSI DI SUPPORTO,ORGANIZZAZIONE,ESTERNALIZZAZIONE DI FUNZIONI AZIENDALI,VALUTAZIONE DELLA CONVENIENZA AD ESTERNALIZZARE
PROCESSI DI SUPPORTO,ORGANIZZAZIONE,ESTERNALIZZAZIONE DI FUNZIONI AZIENDALI,DEFINIZIONE DELLE CONDIZIONI DI ESECUZIONE DEL SERVIZIO E DEFINIZIONE SLA
PROCESSI DI SUPPORTO,ORGANIZZAZIONE,ESTERNALIZZAZIONE DI FUNZIONI AZIENDALI,GESTIONE DEI RAPPORTI CON OUTSOURCER
PROCESSI DI SUPPORTO,ORGANIZZAZIONE,GESTIONE DELL'INNOVAZIONE E DEL CAMBIAMENTO,ANALISI ESIGENZE DI CAMBIAMENTO E RACCOLTA REQUISITI UTENTE
PROCESSI DI SUPPORTO,ORGANIZZAZIONE,GESTIONE DELL'INNOVAZIONE E DEL CAMBIAMENTO,VALUTAZIONE DEGLI IMPATTI DEL CAMBIAMENTO
PROCESSI DI SUPPORTO,ORGANIZZAZIONE,GESTIONE DELL'INNOVAZIONE E DEL CAMBIAMENTO,DISEGNO DELLE SOLUZIONI DI CAMBIAMENTO
PROCESSI DI SUPPORTO,ORGANIZZAZIONE,GESTIONE DELL'INNOVAZIONE E DEL CAMBIAMENTO,IMPLEMENTAZIONE DEL PIANO DI CAMBIAMENTO
PROCESSI DI SUPPORTO,ORGANIZZAZIONE,PROJECT MANAGEMENT,IDENTIFICAZIONE DEGLI OBIETTIVI DI PROGETTO
PROCESSI DI SUPPORTO,ORGANIZZAZIONE,PROJECT MANAGEMENT,GESTIONE DEL KICK OFF DI PROGETTO
PROCESSI DI SUPPORTO,ORGANIZZAZIONE,PROJECT MANAGEMENT,DEFINIZIONE DELL'ORGANIGRAMMA DI PROGETTO
PROCESSI DI SUPPORTO,ORGANIZZAZIONE,PROJECT MANAGEMENT,PREDISPOSIZIONE DEL PIANO DI PROGETTO
PROCESSI DI SUPPORTO,ORGANIZZAZIONE,PROJECT MANAGEMENT,DEFINIZIONE DEL MODELLO OPERATIVO
PROCESSI DI SUPPORTO,ORGANIZZAZIONE,PROJECT MANAGEMENT,GESTIONE DEI SAL E COORDINAMENTO DELLA DOCUMENTAZIONE DI PROGETTO
PROCESSI DI SUPPORTO,ORGANIZZAZIONE,PROJECT MANAGEMENT,GESTIONE DELLA CHIUSURA DI PROGETTO E PREDISPOSIZIONE/DIVULGAZIONE DELLE RELATIVE COMUNICAZIONI 
PROCESSI DI SUPPORTO,ORGANIZZAZIONE,GESTIONE DELLA REPORTISTICA DIREZIONALE ED OPERATIVA,RACCOLTA DELLA RICHIESTA DI PREDISPOSIZIONE DI REPORTISTICA
PROCESSI DI SUPPORTO,ORGANIZZAZIONE,GESTIONE DELLA REPORTISTICA DIREZIONALE ED OPERATIVA,DEFINIZIONE DELLE CARATTERISTICHE DEL REPORT
PROCESSI DI SUPPORTO,ORGANIZZAZIONE,GESTIONE DELLA REPORTISTICA DIREZIONALE ED OPERATIVA,ANALISI CIRCA LA DISPONIBILITA DELLE INFORMAZIONI RICHIESTE
PROCESSI DI SUPPORTO,ORGANIZZAZIONE,GESTIONE DELLA REPORTISTICA DIREZIONALE ED OPERATIVA,DEFINIZIONE DEL LAYOUT REPORTISTICA
PROCESSI DI SUPPORTO,ORGANIZZAZIONE,GESTIONE DELLA REPORTISTICA DIREZIONALE ED OPERATIVA,PREDISPOSIZIONE BOZZA REPORTISTICA 
PROCESSI DI SUPPORTO,ORGANIZZAZIONE,GESTIONE DELLA REPORTISTICA DIREZIONALE ED OPERATIVA,CONDIVISIONE E FINE TUNING  
PROCESSI DI SUPPORTO,ORGANIZZAZIONE,GESTIONE DELLA REPORTISTICA DIREZIONALE ED OPERATIVA,DIVULGAZIONE REPORT
PROCESSI DI SUPPORTO,ORGANIZZAZIONE,GESTIONE DEI TEST FUNZIONALI SIA PER GLI APPLICATIVI DI NUOVA INTRODUZIONE SIA PER LE MODIFICHE DEGLI APPLICATIVI IN ESSERE,DEFINIZIONE DELLE FINALITA DEL TEST
PROCESSI DI SUPPORTO,ORGANIZZAZIONE,GESTIONE DEI TEST FUNZIONALI SIA PER GLI APPLICATIVI DI NUOVA INTRODUZIONE SIA PER LE MODIFICHE DEGLI APPLICATIVI IN ESSERE,ELABORAZIONE DEL FRAMEWORK METODOLOGICO DI TEST ED IDENTIFICAZIONE DELL'ARCHITETTURA APPLICATIVA INTERESSATA DALLE ATTIVITA DI TEST
PROCESSI DI SUPPORTO,ORGANIZZAZIONE,GESTIONE DEI TEST FUNZIONALI SIA PER GLI APPLICATIVI DI NUOVA INTRODUZIONE SIA PER LE MODIFICHE DEGLI APPLICATIVI IN ESSERE,PIANIFICAZIONE DELLE ATTIVITA DI TEST
PROCESSI DI SUPPORTO,ORGANIZZAZIONE,GESTIONE DEI TEST FUNZIONALI SIA PER GLI APPLICATIVI DI NUOVA INTRODUZIONE SIA PER LE MODIFICHE DEGLI APPLICATIVI IN ESSERE,ESECUZIONE DELLE ATTIVITA DI TEST, IDENTIFICAZIONE DEI GAP, CONDIVISIONE DEI RELATIVI RISULTATI
PROCESSI DI SUPPORTO,ORGANIZZAZIONE,GESTIONE DEI TEST FUNZIONALI SIA PER GLI APPLICATIVI DI NUOVA INTRODUZIONE SIA PER LE MODIFICHE DEGLI APPLICATIVI IN ESSERE,FORMALIZZAZIONE DEGLI ESITI DELLE ATTIVITA DI TEST ED INDIRIZZAMENTO DELLE ATTIVITA DI SISTEMAZIONE DELLE ANOMALIE RILEVATE
PROCESSI DI SUPPORTO,ORGANIZZAZIONE,GESTIONE DEI TEST FUNZIONALI SIA PER GLI APPLICATIVI DI NUOVA INTRODUZIONE SIA PER LE MODIFICHE DEGLI APPLICATIVI IN ESSERE,IDENTIFICAZIONE DEI TEST DA SCHEDULARE IN MODO SISTEMATICO E DETERMINAZIONE DELLA RELATIVA FREQUENZA DI ESECUZIONE
PROCESSI DI SUPPORTO,ORGANIZZAZIONE,HELP DESK INTERNO,
PROCESSI DI SUPPORTO,SUPPORTO LOGISTICO E TECNICO,GESTIONE RISORSE INFRASTRUTTURALI E SERVIZI GENERALI,GESTIONE E MANUTENZIONE BENI IMMOBILI
PROCESSI DI SUPPORTO,SUPPORTO LOGISTICO E TECNICO,GESTIONE RISORSE INFRASTRUTTURALI E SERVIZI GENERALI,GESTIONE LAYOUT FILIALI E UFFICI
PROCESSI DI SUPPORTO,SUPPORTO LOGISTICO E TECNICO,GESTIONE RISORSE INFRASTRUTTURALI E SERVIZI GENERALI,GESTIONE E MANUTENZIONE BENI MOBILI
PROCESSI DI SUPPORTO,SUPPORTO LOGISTICO E TECNICO,GESTIONE RISORSE INFRASTRUTTURALI E SERVIZI GENERALI,GESTIONE CORRISPONDENZA E POSTA INTERNA
PROCESSI DI SUPPORTO,SUPPORTO LOGISTICO E TECNICO,GESTIONE RISORSE INFRASTRUTTURALI E SERVIZI GENERALI,GESTIONE SCORTE E MAGAZZINO
PROCESSI DI SUPPORTO,SUPPORTO LOGISTICO E TECNICO,GESTIONE RISORSE INFRASTRUTTURALI E SERVIZI GENERALI,GESTIONE ENERGIA E IMPIANTI
PROCESSI DI SUPPORTO,SUPPORTO LOGISTICO E TECNICO,GESTIONE CONSERVAZIONE DOCUMENTI CARTACEI E INFORMATICI,
PROCESSI DI SUPPORTO,GESTIONE ORGANI SOCIALI E PARTECIPAZIONI,ADEMPIMENTI E COMPENSI ORGANI SOCIALI,
PROCESSI DI SUPPORTO,GESTIONE ORGANI SOCIALI E PARTECIPAZIONI,FORMALIZZAZIONE E REGISTRAZIONE ATTIVITA' ORGANI SOCIALI,
PROCESSI DI SUPPORTO,GESTIONE ORGANI SOCIALI E PARTECIPAZIONI,ADEMPIMENTI AMMINISTRATIVI PARTECIPAZIONI,
PROCESSI DI SUPPORTO,SUPPORTO E CONSULENZA LEGALE,SUPPORTO LEGALE OPERATIVO,ATTESTAZIONI E SUCCESSIONI
PROCESSI DI SUPPORTO,SUPPORTO E CONSULENZA LEGALE,SUPPORTO LEGALE OPERATIVO,AMMORTAMENTO / SOSTITUZIONE TITOLI DI CREDITO
PROCESSI DI SUPPORTO,SUPPORTO E CONSULENZA LEGALE,SUPPORTO LEGALE OPERATIVO,REVISIONE E INTEGRAZIONE SCHEMI CONTRATTUALI E MODULISTICA
PROCESSI DI SUPPORTO,SUPPORTO E CONSULENZA LEGALE,CONSULENZA LEGALE,
PROCESSI DI SUPPORTO,SEGNALAZIONE E RAPPORTI CON LE AUTORITA' DI VIGILANZA,SEGNALAZIONE A BANCA D'ITALIA E CR,CLASSIFICAZIONE DELLE ESPOSIZIONI NPL E SEGNALAZIONI IN CR
PROCESSI DI SUPPORTO,SEGNALAZIONE E RAPPORTI CON LE AUTORITA' DI VIGILANZA,SEGNALAZIONE A BANCA D'ITALIA E CR,MONITORAGGIO E CLASSIFICAZIONE DELLE ESPOSIZIONI NEL CONTINUO
PROCESSI DI SUPPORTO,SEGNALAZIONE E RAPPORTI CON LE AUTORITA' DI VIGILANZA,SEGNALAZIONI ALLA CONSOB, AL MERCATO E ALLA BORSA ITALIANA,
PROCESSI DI SUPPORTO,SEGNALAZIONE E RAPPORTI CON LE AUTORITA' DI VIGILANZA,PRODUZIONE INFORMATIVA ANTIRICICLAGGIO E USURA,
PROCESSI DI SUPPORTO,SEGNALAZIONE E RAPPORTI CON LE AUTORITA' DI VIGILANZA,PRODUZIONE E GESTIONE DELLE ALTRE INFORMATIVE,
PROCESSI DI SUPPORTO,GESTIONE SICUREZZA,GESTIONE DELLA SICUREZZA INFORMATICA,PIANIFICAZIONE
PROCESSI DI SUPPORTO,GESTIONE SICUREZZA,GESTIONE DELLA SICUREZZA INFORMATICA,IMPLEMENTAZIONE
PROCESSI DI SUPPORTO,GESTIONE SICUREZZA,GESTIONE DELLA SICUREZZA INFORMATICA,VERIFICA
PROCESSI DI SUPPORTO,GESTIONE SICUREZZA,GESTIONE DELLA SICUREZZA INFORMATICA,MIGLIORAMENTO
PROCESSI DI SUPPORTO,GESTIONE SICUREZZA,DATA GOVERNANCE,PROGETTAZIONE
PROCESSI DI SUPPORTO,GESTIONE SICUREZZA,DATA GOVERNANCE,ESERCIZIO
PROCESSI DI SUPPORTO,GESTIONE SICUREZZA,DATA GOVERNANCE,MIGLIORAMENTO
PROCESSI DI SUPPORTO,GESTIONE SICUREZZA,DATA GOVERNANCE,REGIA E MONITORAGGIO
PROCESSI DI SUPPORTO,GESTIONE SICUREZZA,DATA GOVERNANCE,DEFINIZIONE ED AGGIORNAMENTO INDICATORI
PROCESSI DI SUPPORTO,GESTIONE SICUREZZA,DATA GOVERNANCE,REPORTING
PROCESSI DI SUPPORTO,GESTIONE SICUREZZA,GESTIONE DEI SERVIZI DI PAGAMENTO VIA INTERNET,DEFINIZIONE DEGLI OBIETTIVI E ANALISI DI SICUREZZA E CONFORMITA DEI SERVIZI DI PAGAMENTO VIA INTERNET
PROCESSI DI SUPPORTO,GESTIONE SICUREZZA,GESTIONE DEI SERVIZI DI PAGAMENTO VIA INTERNET,IMPLEMENTAZIONE DELLE MISURE DI SICUREZZA
PROCESSI DI SUPPORTO,GESTIONE SICUREZZA,GESTIONE DEI SERVIZI DI PAGAMENTO VIA INTERNET,VERIFICHE DELLE MISURE DI SICUREZZA
PROCESSI DI SUPPORTO,GESTIONE SICUREZZA,GESTIONE DEI SERVIZI DI PAGAMENTO VIA INTERNET,GESTIONE DEL MIGLIORAMENTO CONTINUO
PROCESSI DI SUPPORTO,GESTIONE SICUREZZA,ASSICURAZIONE DELLA CONTINUITA DEL SERVIZIO,DEFINIZIONE DELL'APPROCCIO ALLA CONTINUITA DEL SERVIZIO 
PROCESSI DI SUPPORTO,GESTIONE SICUREZZA,ASSICURAZIONE DELLA CONTINUITA DEL SERVIZIO,SVILUPPO DEL MODELLO DI RIFERIMENTO PER LA CONTINUITA OPERATIVA
PROCESSI DI SUPPORTO,GESTIONE SICUREZZA,ASSICURAZIONE DELLA CONTINUITA DEL SERVIZIO,CONDUZIONE DELL'ANALISI DI IMPATTO SUI PROCESSI AZIENDALI
PROCESSI DI SUPPORTO,GESTIONE SICUREZZA,ASSICURAZIONE DELLA CONTINUITA DEL SERVIZIO,IDENTIFICAZIONE E CLASSIFICAZIONE DELLE RISORSE SULLA BASE DEGLI OBIETTIVI DI RIPRISTINO
PROCESSI DI SUPPORTO,GESTIONE SICUREZZA,ASSICURAZIONE DELLA CONTINUITA DEL SERVIZIO,SVILUPPO DEL PIANO DI CONTINUITA
PROCESSI DI SUPPORTO,GESTIONE SICUREZZA,ASSICURAZIONE DELLA CONTINUITA DEL SERVIZIO,SVILUPPO DEL PIANO DI DISASTER RECOVERY
PROCESSI DI SUPPORTO,GESTIONE SICUREZZA,ASSICURAZIONE DELLA CONTINUITA DEL SERVIZIO,PIANIFICAZIONE E CONDUZIONE DELLA FORMAZIONE SUL PIANO DI CONTINUITA
PROCESSI DI SUPPORTO,GESTIONE SICUREZZA,ASSICURAZIONE DELLA CONTINUITA DEL SERVIZIO,AGGIORNAMENTO E VERIFICA DEL PIANO DI CONTINUITA E DISASTER RECOVERY
PROCESSI DI SUPPORTO,GESTIONE SICUREZZA,ASSICURAZIONE DELLA CONTINUITA DEL SERVIZIO,SVILUPPO DEL PIANO DI AZIONE COME CONSEGUENZA DEI RISULTATI DELLE VERIFICHE
PROCESSI DI SUPPORTO,GESTIONE SICUREZZA,MONITORAGGIO CONTINUATIVO DELLE MINACCE E DELLE VULNERABILITA DI SICUREZZA,PIANIFICAZIONE E CONDUZIONE DEI TEST TECNICI DI SICUREZZA
PROCESSI DI SUPPORTO,GESTIONE SICUREZZA,MONITORAGGIO CONTINUATIVO DELLE MINACCE E DELLE VULNERABILITA DI SICUREZZA,GESTIONE NEL CONTINUO DEI RAPPORTI CON FONTI ACCREDITATE CHE COMUNICHINO TEMPESTIVAMENTE INFORMAZIONI IN MERITO ALLE NUOVE VULNERABILITA TECNICHE IDENTIFICATE
PROCESSI DI SUPPORTO,GESTIONE SICUREZZA,MONITORAGGIO CONTINUATIVO DELLE MINACCE E DELLE VULNERABILITA DI SICUREZZA,GESTIONE DEI RILIEVI EMERSI NELL'AMBITO DI VERIFICHE INTERNE
PROCESSI DI SUPPORTO,GESTIONE SICUREZZA,GESTIONE DEGLI ACCESSI LOGICI,DEFINIZIONE DEGLI OBIETTIVI DI SICUREZZA
PROCESSI DI SUPPORTO,GESTIONE SICUREZZA,GESTIONE DEGLI ACCESSI LOGICI,IDENTIFICAZIONE DEL LIVELLO DI PROTEZIONE ATTUALE
PROCESSI DI SUPPORTO,GESTIONE SICUREZZA,GESTIONE DEGLI ACCESSI LOGICI,IMPLEMENTAZIONE DELLE MISURE DI SICUREZZA
PROCESSI DI SUPPORTO,GESTIONE SICUREZZA,GESTIONE DEGLI ACCESSI LOGICI,VERIFICA E MONITORAGGIO
PROCESSI DI SUPPORTO,GESTIONE SICUREZZA,GESTIONE DELLA SICUREZZA FISICA DI SISTEMI E DATI,DEFINIZIONE DEGLI OBIETTIVI DI SICUREZZA FISICA
PROCESSI DI SUPPORTO,GESTIONE SICUREZZA,GESTIONE DELLA SICUREZZA FISICA DI SISTEMI E DATI,IDENTIFICAZIONE DEL LIVELLO DI PROTEZIONE ATTUALE
PROCESSI DI SUPPORTO,GESTIONE SICUREZZA,GESTIONE DELLA SICUREZZA FISICA DI SISTEMI E DATI,IMPLEMENTAZIONE DELLE MISURE DI SICUREZZA
PROCESSI DI SUPPORTO,GESTIONE SICUREZZA,GESTIONE DELLA SICUREZZA FISICA DI SISTEMI E DATI,MANTENIMENTO, MONITORAGGIO E RENDICONTAZIONE
PROCESSI DI SUPPORTO,GESTIONE SICUREZZA,GESTIONE DELLE RETI DI TELECOMUNICAZIONI,DEFINIZIONE DEGLI OBIETTIVI DI SICUREZZA
PROCESSI DI SUPPORTO,GESTIONE SICUREZZA,GESTIONE DELLE RETI DI TELECOMUNICAZIONI,IDENTIFICAZIONE DEL LIVELLO DI PROTEZIONE ATTUALE
PROCESSI DI SUPPORTO,GESTIONE SICUREZZA,GESTIONE DELLE RETI DI TELECOMUNICAZIONI,IMPLEMENTAZIONE DELLE MISURE DI SICUREZZA
PROCESSI DI SUPPORTO,GESTIONE SICUREZZA,GESTIONE DELLE RETI DI TELECOMUNICAZIONI,MONITORING, LOGGING E AUDITING
PROCESSI DI SUPPORTO,GESTIONE SICUREZZA,GESTIONE DELLE RETI DI TELECOMUNICAZIONI,GESTIONE DELLA DOCUMENTAZIONE
PROCESSI DI SUPPORTO,GESTIONE SICUREZZA,GESTIONE OPERATIVA DEI SISTEMI E CONTROLLO DELLE OPERAZIONI CRITICHE,DEFINIZIONE DEI REQUISITI DI SICUREZZA
PROCESSI DI SUPPORTO,GESTIONE SICUREZZA,GESTIONE OPERATIVA DEI SISTEMI E CONTROLLO DELLE OPERAZIONI CRITICHE,IMPLEMENTAZIONE DELLE MISURE DI SICUREZZA
PROCESSI DI SUPPORTO,GESTIONE SICUREZZA,GESTIONE OPERATIVA DEI SISTEMI E CONTROLLO DELLE OPERAZIONI CRITICHE,ANALISI DEI PRESIDI DI SICUREZZA E CONTROLLO
PROCESSI DI SUPPORTO,GESTIONE SICUREZZA,GESTIONE OPERATIVA DEI SISTEMI E CONTROLLO DELLE OPERAZIONI CRITICHE,MIGLIORAMENTO CONTINUO
PROCESSI DI SUPPORTO,GESTIONE SICUREZZA,GESTIONE DEGLI INCIDENTI DI SICUREZZA INFORMATICA,RILEVAZIONE
PROCESSI DI SUPPORTO,GESTIONE SICUREZZA,GESTIONE DEGLI INCIDENTI DI SICUREZZA INFORMATICA,CLASSIFICAZIONE
PROCESSI DI SUPPORTO,GESTIONE SICUREZZA,GESTIONE DEGLI INCIDENTI DI SICUREZZA INFORMATICA,PROCEDURA DI ESCALATION E COINVOLGIMENTO DELLO SPECIALISTA
PROCESSI DI SUPPORTO,GESTIONE SICUREZZA,GESTIONE DEGLI INCIDENTI DI SICUREZZA INFORMATICA,RISOLUZIONE
PROCESSI DI SUPPORTO,GESTIONE SICUREZZA,GESTIONE DEGLI INCIDENTI DI SICUREZZA INFORMATICA,CHIUSURA
PROCESSI DI SUPPORTO,GESTIONE SICUREZZA,GESTIONE DEI LOG,IDENTIFICAZIONE
PROCESSI DI SUPPORTO,GESTIONE SICUREZZA,GESTIONE DEI LOG,CLASSIFICAZIONE
PROCESSI DI SUPPORTO,GESTIONE SICUREZZA,GESTIONE DEI LOG,DEFINIZIONE DEI REQUISITI
PROCESSI DI SUPPORTO,GESTIONE SICUREZZA,GESTIONE DEI LOG,GENERAZIONE
PROCESSI DI SUPPORTO,GESTIONE SICUREZZA,GESTIONE DEI LOG,TRATTAMENTO
PROCESSI DI SUPPORTO,GESTIONE SICUREZZA,GESTIONE DEI LOG,CANCELLAZIONE / DISMISSIONE
PROCESSI DI SUPPORTO,GESTIONE SICUREZZA,GESTIONE DELL'INFORMATICA D'UTENTE,DEFINIZIONE DEI REQUISITI DI SICUREZZA
PROCESSI DI SUPPORTO,GESTIONE SICUREZZA,GESTIONE DELL'INFORMATICA D'UTENTE,IMPLEMENTAZIONE DELLE MISURE DI SICUREZZA
PROCESSI DI SUPPORTO,GESTIONE SICUREZZA,GESTIONE DELL'INFORMATICA D'UTENTE,CENSIMENTO DELLE APPLICAZIONI
PROCESSI DI SUPPORTO,GESTIONE SICUREZZA,GESTIONE DELL'INFORMATICA D'UTENTE,IDENTIFICAZIONE DELLE CRITICITA
PROCESSI DI SUPPORTO,GESTIONE SICUREZZA,GESTIONE DELL'INFORMATICA D'UTENTE,DEFINIZIONE DEI REQUISITI DI SICUREZZA
PROCESSI DI SUPPORTO,GESTIONE SICUREZZA,GESTIONE DELL'INFORMATICA D'UTENTE,IMPLEMENTAZIONE DELLE MISURE DI SICUREZZA E GESTIONE DELLE ECCEZIONI
PROCESSI DI SUPPORTO,GESTIONE SICUREZZA,GESTIONE DELL'INFORMATICA D'UTENTE,VERIFICA E MONITORAGGIO
PROCESSI DI SUPPORTO,GESTIONE SICUREZZA,GESTIONE DELL'HARDENING E DEL PATCH MANAGEMENT,HARDENING: PROGETTAZIONE E CONFIGURAZIONE DEI TEMPLATE
PROCESSI DI SUPPORTO,GESTIONE SICUREZZA,GESTIONE DELL'HARDENING E DEL PATCH MANAGEMENT,HARDENING: VERIFICA DI SICUREZZA
PROCESSI DI SUPPORTO,GESTIONE SICUREZZA,GESTIONE DELL'HARDENING E DEL PATCH MANAGEMENT,HARDENING: FEEDBACK ED AGGIORNAMENTO TEMPLATE / CHECKLIST DI HARDENING
PROCESSI DI SUPPORTO,GESTIONE SICUREZZA,GESTIONE DELL'HARDENING E DEL PATCH MANAGEMENT,HARDENING: MONITORAGGIO, VULNERABILITA' ED AGGIORNAMENTO DEI TEMPLATE
PROCESSI DI SUPPORTO,GESTIONE SICUREZZA,GESTIONE DELL'HARDENING E DEL PATCH MANAGEMENT,PATCH MANAGEMENT: ANALISI DI APPLICABILITA DELLE SEGNALAZIONI DEI VENDOR
PROCESSI DI SUPPORTO,GESTIONE SICUREZZA,GESTIONE DELL'HARDENING E DEL PATCH MANAGEMENT,PATCH MANAGEMENT: PIANIFICAZIONE E TEST DELLA PATCH
PROCESSI DI SUPPORTO,GESTIONE SICUREZZA,GESTIONE DELL'HARDENING E DEL PATCH MANAGEMENT,PATCH MANAGEMENT: INSTALLAZIONE DELLE PATCH E MONITORAGGIO
PROCESSI DI SUPPORTO,ADEMPIMENTI NORMATIVI TRASVERSALI E REGOLAMENTARI SPECIFICI,TRASPARENZA,IDENTIFICAZIONE NORMATIVA
PROCESSI DI SUPPORTO,ADEMPIMENTI NORMATIVI TRASVERSALI E REGOLAMENTARI SPECIFICI,TRASPARENZA,ASSESSMENT
PROCESSI DI SUPPORTO,ADEMPIMENTI NORMATIVI TRASVERSALI E REGOLAMENTARI SPECIFICI,TRASPARENZA,CONSULENZA
PROCESSI DI SUPPORTO,ADEMPIMENTI NORMATIVI TRASVERSALI E REGOLAMENTARI SPECIFICI,TRASPARENZA,MONITORAGGIO
PROCESSI DI SUPPORTO,ADEMPIMENTI NORMATIVI TRASVERSALI E REGOLAMENTARI SPECIFICI,PRIVACY,IDENTIFICAZIONE NORMATIVA
PROCESSI DI SUPPORTO,ADEMPIMENTI NORMATIVI TRASVERSALI E REGOLAMENTARI SPECIFICI,PRIVACY,ASSESSMENT
PROCESSI DI SUPPORTO,ADEMPIMENTI NORMATIVI TRASVERSALI E REGOLAMENTARI SPECIFICI,PRIVACY,CONSULENZA
PROCESSI DI SUPPORTO,ADEMPIMENTI NORMATIVI TRASVERSALI E REGOLAMENTARI SPECIFICI,PRIVACY,MONITORAGGIO
PROCESSI DI SUPPORTO,CUSTOMER SERVICE,ANAGRAFE GENERALE CLIENTI,APERTURA POSIZIONE IN ANAGRAFE
PROCESSI DI SUPPORTO,CUSTOMER SERVICE,ANAGRAFE GENERALE CLIENTI,VARIAZIONE POSIZIONE IN ANAGRAFE
PROCESSI DI SUPPORTO,CUSTOMER SERVICE,ANAGRAFE GENERALE CLIENTI,CHIUSURA POSIZIONE IN ANAGRAFE
PROCESSI DI SUPPORTO,CUSTOMER SERVICE,GESTIONE DELLA RELAZIONE CON IL CLIENTE,RACCOLTA INFORMAZIONI ED EVENTI SUI CLIENTI
PROCESSI DI SUPPORTO,CUSTOMER SERVICE,GESTIONE DELLA RELAZIONE CON IL CLIENTE,GESTIONE DELLE COMUNICAZIONI OPERATIVE
PROCESSI DI SUPPORTO,CUSTOMER SERVICE,GESTIONE DELLA RELAZIONE CON IL CLIENTE,HELP DESK CLIENTI
PROCESSI DI SUPPORTO,CUSTOMER SERVICE,GESTIONE DELLA RELAZIONE CON IL CLIENTE,RACCOLTA SUGGERIMENTI E SEGNALAZIONI DELLA CLIENTELA
PROCESSI DI SUPPORTO,CUSTOMER SERVICE,GESTIONE DELLE CONTESTAZIONI,RICEZIONE E GESTIONE DELLA CORRISPONDENZA
PROCESSI DI SUPPORTO,CUSTOMER SERVICE,GESTIONE DELLE CONTESTAZIONI,GESTIONE DELLE CONTESTAZIONI E DELLE RICHIESTE DI CHIARIMENTO
PROCESSI DI SUPPORTO,CUSTOMER SERVICE,GESTIONE DELLE CONTESTAZIONI,MONITORAGGIO,RENDICONTAZIONE E PUBBLICAZIONE DEI RECLAMI E DELLE LAMENTELE
